-- phpMyAdmin SQL Dump
-- version 4.8.5
-- https://www.phpmyadmin.net/
--
-- Host: 127.0.0.1
-- Generation Time: Oct 14, 2019 at 09:16 PM
-- Server version: 10.1.38-MariaDB
-- PHP Version: 7.3.2

SET SQL_MODE = "NO_AUTO_VALUE_ON_ZERO";
SET AUTOCOMMIT = 0;
START TRANSACTION;
SET time_zone = "+00:00";


/*!40101 SET @OLD_CHARACTER_SET_CLIENT=@@CHARACTER_SET_CLIENT */;
/*!40101 SET @OLD_CHARACTER_SET_RESULTS=@@CHARACTER_SET_RESULTS */;
/*!40101 SET @OLD_COLLATION_CONNECTION=@@COLLATION_CONNECTION */;
/*!40101 SET NAMES utf8mb4 */;

--
-- Database: `db_lavaeapi`
--

-- --------------------------------------------------------

--
-- Table structure for table `failed_jobs`
--

CREATE TABLE `failed_jobs` (
  `id` bigint(20) UNSIGNED NOT NULL,
  `connection` text COLLATE utf8mb4_unicode_ci NOT NULL,
  `queue` text COLLATE utf8mb4_unicode_ci NOT NULL,
  `payload` longtext COLLATE utf8mb4_unicode_ci NOT NULL,
  `exception` longtext COLLATE utf8mb4_unicode_ci NOT NULL,
  `failed_at` timestamp NOT NULL DEFAULT CURRENT_TIMESTAMP
) ENGINE=InnoDB DEFAULT CHARSET=utf8mb4 COLLATE=utf8mb4_unicode_ci;

-- --------------------------------------------------------

--
-- Table structure for table `migrations`
--

CREATE TABLE `migrations` (
  `id` int(10) UNSIGNED NOT NULL,
  `migration` varchar(191) COLLATE utf8mb4_unicode_ci NOT NULL,
  `batch` int(11) NOT NULL
) ENGINE=InnoDB DEFAULT CHARSET=utf8mb4 COLLATE=utf8mb4_unicode_ci;

--
-- Dumping data for table `migrations`
--

INSERT INTO `migrations` (`id`, `migration`, `batch`) VALUES
(1, '2014_10_12_000000_create_users_table', 1),
(2, '2014_10_12_100000_create_password_resets_table', 1),
(3, '2019_08_19_000000_create_failed_jobs_table', 1),
(4, '2019_10_14_151653_create_products_table', 1),
(5, '2019_10_14_151755_create_reviews_table', 1);

-- --------------------------------------------------------

--
-- Table structure for table `password_resets`
--

CREATE TABLE `password_resets` (
  `email` varchar(191) COLLATE utf8mb4_unicode_ci NOT NULL,
  `token` varchar(191) COLLATE utf8mb4_unicode_ci NOT NULL,
  `created_at` timestamp NULL DEFAULT NULL
) ENGINE=InnoDB DEFAULT CHARSET=utf8mb4 COLLATE=utf8mb4_unicode_ci;

-- --------------------------------------------------------

--
-- Table structure for table `products`
--

CREATE TABLE `products` (
  `id` bigint(20) UNSIGNED NOT NULL,
  `name` varchar(191) COLLATE utf8mb4_unicode_ci NOT NULL,
  `detail` text COLLATE utf8mb4_unicode_ci NOT NULL,
  `price` int(11) NOT NULL,
  `stock` int(11) NOT NULL,
  `discount` int(11) NOT NULL,
  `created_at` timestamp NULL DEFAULT NULL,
  `updated_at` timestamp NULL DEFAULT NULL
) ENGINE=InnoDB DEFAULT CHARSET=utf8mb4 COLLATE=utf8mb4_unicode_ci;

--
-- Dumping data for table `products`
--

INSERT INTO `products` (`id`, `name`, `detail`, `price`, `stock`, `discount`, `created_at`, `updated_at`) VALUES
(1, 'fugiat', 'Labore facilis vel molestias et. Sed consequatur eius sint. Aperiam eum voluptatem repellendus. Id voluptatibus animi iusto voluptas sunt voluptate officiis nemo.', 921, 7, 46, '2019-10-14 18:09:07', '2019-10-14 18:09:07'),
(2, 'voluptatem', 'Sapiente et impedit tempore qui nesciunt mollitia. Consectetur et ex omnis et. Cum tempore ullam molestiae est odit reiciendis quaerat. Quis assumenda tempora eaque at officiis beatae ullam.', 436, 6, 38, '2019-10-14 18:09:08', '2019-10-14 18:09:08'),
(3, 'et', 'Facere quia voluptatem numquam aut. In et vel voluptatem optio inventore. Est nulla debitis ipsum officia recusandae est voluptatem ipsum. Minus asperiores fugit eum.', 233, 4, 23, '2019-10-14 18:09:08', '2019-10-14 18:09:08'),
(4, 'quisquam', 'Neque inventore voluptatem eum cupiditate. Atque eum suscipit omnis laboriosam. Doloremque maiores dolor qui facere id perspiciatis quia.', 917, 2, 23, '2019-10-14 18:09:08', '2019-10-14 18:09:08'),
(5, 'maiores', 'Voluptas perspiciatis accusamus voluptatem excepturi. Saepe eligendi sunt aperiam dolorem laborum voluptas porro. Molestias et tempora dolorem et.', 687, 8, 32, '2019-10-14 18:09:08', '2019-10-14 18:09:08'),
(6, 'a', 'Nisi a perspiciatis neque fugit laboriosam. Aliquid id maiores harum sit tempora ex assumenda fuga.', 760, 2, 42, '2019-10-14 18:09:08', '2019-10-14 18:09:08'),
(7, 'et', 'Sint dicta dolores excepturi et. Minima unde ut voluptatibus dicta consectetur. Ab sint aut excepturi recusandae nam ratione.', 572, 9, 40, '2019-10-14 18:09:08', '2019-10-14 18:09:08'),
(8, 'sit', 'Aut ex accusantium quia cumque itaque. Enim dolorem qui laborum odit et sapiente et. Omnis quia quam tempore incidunt incidunt aliquid placeat. Facere atque nulla perferendis voluptas sed qui minima similique.', 755, 6, 36, '2019-10-14 18:09:08', '2019-10-14 18:09:08'),
(9, 'blanditiis', 'Sunt et voluptatum impedit quas qui. Eos sit soluta vero aut vel dolorum suscipit. Doloribus reiciendis recusandae dolorem molestiae dolorem. Autem quis libero non. Nihil voluptatem odio unde eveniet assumenda voluptates.', 348, 9, 13, '2019-10-14 18:09:08', '2019-10-14 18:09:08'),
(10, 'voluptas', 'Nam dolor a laborum. Voluptas sed minus ipsam praesentium dolores officia. Quasi ullam vel nihil in nulla voluptatem enim.', 605, 8, 13, '2019-10-14 18:09:08', '2019-10-14 18:09:08'),
(11, 'quasi', 'Numquam labore nulla nesciunt blanditiis ea perferendis omnis. Dolores eum sapiente atque quae quasi beatae. Qui quis sed molestiae qui maiores. Perspiciatis maxime provident dolor.', 822, 1, 36, '2019-10-14 18:09:08', '2019-10-14 18:09:08'),
(12, 'qui', 'Delectus eos et tenetur qui minima inventore. Fuga et suscipit quam ut praesentium qui nulla.', 142, 0, 49, '2019-10-14 18:09:08', '2019-10-14 18:09:08'),
(13, 'architecto', 'Sit veritatis enim beatae voluptatem. Rerum nobis ullam beatae minus eveniet. Dolores sit eius perspiciatis laudantium autem.', 812, 0, 41, '2019-10-14 18:09:08', '2019-10-14 18:09:08'),
(14, 'magnam', 'Aut voluptatem est doloremque consequuntur. Nulla dolorem et quidem modi ut labore est. Libero rem quae perferendis id assumenda est.', 952, 0, 13, '2019-10-14 18:09:08', '2019-10-14 18:09:08'),
(15, 'illo', 'Quaerat excepturi magni explicabo tempora eveniet voluptatem. Omnis numquam vel nihil cumque ipsa sint suscipit. Earum id nulla nisi dicta.', 905, 2, 20, '2019-10-14 18:09:08', '2019-10-14 18:09:08'),
(16, 'ut', 'Enim provident qui quo consequatur facilis eius velit labore. Id quos est optio in. Animi qui inventore quae neque ipsum nam optio nostrum. Quae qui non dolores est.', 467, 8, 28, '2019-10-14 18:09:08', '2019-10-14 18:09:08'),
(17, 'voluptas', 'Voluptas est quos incidunt dolores. Et illum qui nihil autem ducimus repellat. Dolor odio quibusdam recusandae suscipit hic. In sed aut aut distinctio.', 586, 2, 28, '2019-10-14 18:09:08', '2019-10-14 18:09:08'),
(18, 'at', 'Cupiditate unde dolores ipsam delectus sed sapiente asperiores. Quibusdam porro aperiam ut similique. Qui quae sint ipsam nulla dignissimos excepturi.', 244, 9, 25, '2019-10-14 18:09:08', '2019-10-14 18:09:08'),
(19, 'rem', 'Cum eveniet dicta vel. Est tempore laudantium laborum repellendus. Mollitia soluta repudiandae dolores nemo consequatur.', 180, 1, 28, '2019-10-14 18:09:08', '2019-10-14 18:09:08'),
(20, 'non', 'Dolorem quo et ut et cupiditate. Aut dignissimos vel aliquid fugit nemo quo. Aut voluptatem qui voluptatem qui voluptatem ratione sapiente maxime.', 307, 5, 18, '2019-10-14 18:09:08', '2019-10-14 18:09:08'),
(21, 'et', 'Sapiente harum ut doloremque. Qui earum eos hic exercitationem error aut hic. Eligendi eos ipsum dolores quam. Est dignissimos placeat iusto deserunt provident.', 592, 5, 19, '2019-10-14 18:09:08', '2019-10-14 18:09:08'),
(22, 'quod', 'Similique eius sequi ullam rerum repellendus ea expedita. Ullam eum minima eos. Enim qui iste tempora voluptatibus sit. Aliquid eveniet beatae ut voluptatem consequuntur rerum corrupti.', 954, 5, 26, '2019-10-14 18:09:08', '2019-10-14 18:09:08'),
(23, 'earum', 'Autem est dolorem porro et omnis nobis repellat. Qui necessitatibus neque sint eligendi aut at. Et omnis natus illo ab nobis sint quibusdam suscipit.', 747, 8, 40, '2019-10-14 18:09:08', '2019-10-14 18:09:08'),
(24, 'est', 'Dolores consequuntur occaecati excepturi architecto. Quod distinctio velit dolore ut. Atque consequatur enim est sunt explicabo. Autem sit quam eaque aspernatur sed delectus. Nihil illum explicabo minima ab voluptate consequatur dolorum.', 526, 4, 28, '2019-10-14 18:09:08', '2019-10-14 18:09:08'),
(25, 'eos', 'Magni facilis sunt culpa perferendis eligendi distinctio esse quos. Vero dicta sunt tempore ipsum rem odit. Quae deserunt aliquam vero dolores placeat illo dolor.', 232, 4, 29, '2019-10-14 18:09:08', '2019-10-14 18:09:08'),
(26, 'omnis', 'Mollitia maxime quo non aspernatur qui molestiae. Laboriosam voluptas reiciendis harum aut necessitatibus. Repellendus sed aut eos alias.', 582, 5, 15, '2019-10-14 18:09:08', '2019-10-14 18:09:08'),
(27, 'consectetur', 'Quod quos aut veniam vel. Est dolore et sit neque iste dolores aperiam. Occaecati nesciunt et ullam assumenda odio. Officiis aut repellat cupiditate quis magni et et. Quia sit aspernatur nostrum soluta magni voluptate.', 546, 6, 40, '2019-10-14 18:09:08', '2019-10-14 18:09:08'),
(28, 'aut', 'Dicta impedit rerum quia reiciendis deserunt esse voluptate tempora. Nostrum et dolor optio saepe ullam delectus. Rem est est iusto non. Necessitatibus esse minus consequatur. Ipsam consequuntur est nemo officiis sunt non ut.', 244, 9, 18, '2019-10-14 18:09:08', '2019-10-14 18:09:08'),
(29, 'ab', 'Animi atque labore architecto et consequatur et cupiditate. Voluptas nemo cumque ut ex. Ut eius possimus ducimus expedita fugiat ducimus. Exercitationem blanditiis aut molestiae dicta accusamus rerum culpa.', 925, 7, 50, '2019-10-14 18:09:08', '2019-10-14 18:09:08'),
(30, 'rem', 'Totam maxime ut reprehenderit ea. Magni aut repudiandae dicta aperiam expedita. Dolorem sit vel eos placeat eius. Natus fugit quis enim rerum facilis molestiae.', 267, 1, 14, '2019-10-14 18:09:08', '2019-10-14 18:09:08'),
(31, 'cupiditate', 'Iusto ad qui eum nihil exercitationem quo. Enim commodi hic impedit quia fuga molestiae illo doloremque. Aut omnis ipsam quibusdam nam in corrupti. Voluptatibus aperiam facere illum omnis.', 142, 0, 13, '2019-10-14 18:09:08', '2019-10-14 18:09:08'),
(32, 'omnis', 'Commodi sapiente aut ipsum et cumque velit. Deserunt saepe dolores dolore veritatis. Ratione totam magnam error pariatur quasi dolores.', 217, 3, 47, '2019-10-14 18:09:08', '2019-10-14 18:09:08'),
(33, 'qui', 'Et cupiditate expedita ullam non et laudantium. Voluptas fugit esse molestiae officia voluptates. Fuga blanditiis perferendis esse nihil quia dolorem laudantium. Numquam est et maiores sed eius ut.', 436, 9, 33, '2019-10-14 18:09:08', '2019-10-14 18:09:08'),
(34, 'dolores', 'Debitis pariatur assumenda officia ea. Ut ut at sed magni consequatur ab. Nisi debitis ut ullam quia perspiciatis optio ex. Quasi ut magni reiciendis in est laboriosam dolores.', 176, 7, 36, '2019-10-14 18:09:08', '2019-10-14 18:09:08'),
(35, 'voluptatibus', 'Beatae qui distinctio provident asperiores perspiciatis. Optio repellendus repudiandae perspiciatis nostrum minima accusamus. Eius eum quos eos expedita magnam omnis voluptas. Illo perspiciatis iusto explicabo voluptates.', 281, 0, 28, '2019-10-14 18:09:08', '2019-10-14 18:09:08'),
(36, 'laudantium', 'Recusandae ea nobis odit accusantium. Error dolorem ea neque distinctio et. Fugiat asperiores in est sint deserunt repudiandae sapiente quisquam. Voluptate voluptate omnis suscipit incidunt laboriosam.', 441, 5, 34, '2019-10-14 18:09:08', '2019-10-14 18:09:08'),
(37, 'vel', 'Iusto ipsa autem distinctio expedita et ullam. Minima est dolorem ut occaecati ratione laboriosam cupiditate. Libero sint non sed officia cupiditate. Velit natus et modi vitae quia quia atque.', 178, 2, 47, '2019-10-14 18:09:08', '2019-10-14 18:09:08'),
(38, 'vel', 'Pariatur placeat saepe voluptatem earum labore. Assumenda labore corrupti recusandae unde. Non id dolor dolorum consequatur animi debitis. Temporibus non voluptatem minus ut eius.', 887, 4, 39, '2019-10-14 18:09:08', '2019-10-14 18:09:08'),
(39, 'at', 'Voluptas dolores illum non repudiandae. Molestiae ex perferendis et praesentium reiciendis. Ipsa eum ducimus sit numquam ut illum quos.', 673, 3, 50, '2019-10-14 18:09:08', '2019-10-14 18:09:08'),
(40, 'libero', 'Dolore ad ex atque et tempora debitis. Harum ut dicta repellat alias. Corrupti et cumque earum illum nobis dignissimos. Consectetur qui aut adipisci laborum natus ipsa voluptatem.', 233, 2, 33, '2019-10-14 18:09:08', '2019-10-14 18:09:08'),
(41, 'dolores', 'Eius quam facere consequatur. Nihil itaque dolorum maiores fuga consequuntur non. Voluptatem optio tempora quo nam molestias ut voluptas.', 293, 7, 49, '2019-10-14 18:09:08', '2019-10-14 18:09:08'),
(42, 'atque', 'Itaque praesentium quisquam vero dolorum eligendi unde quod cupiditate. Velit ea molestiae consequatur ut aspernatur. Reprehenderit quae laudantium nobis consequatur reprehenderit cum qui. Aut architecto eos nihil enim quis.', 622, 4, 11, '2019-10-14 18:09:08', '2019-10-14 18:09:08'),
(43, 'beatae', 'Nihil dolores sit temporibus provident rerum. Repellat distinctio placeat aut impedit illum consequatur aut sit. Qui incidunt atque neque non.', 142, 3, 19, '2019-10-14 18:09:08', '2019-10-14 18:09:08'),
(44, 'earum', 'Excepturi sit tempora nostrum occaecati incidunt velit. Perspiciatis nulla illo alias impedit rerum. Dolorum quo dolorem molestiae non id. Quisquam dicta qui aut itaque nihil alias.', 780, 1, 20, '2019-10-14 18:09:08', '2019-10-14 18:09:08'),
(45, 'at', 'Rerum numquam consequatur rerum dolorem laborum libero sit dolorum. Natus ad vitae exercitationem illo. Porro id sit architecto omnis laudantium vel.', 660, 6, 35, '2019-10-14 18:09:08', '2019-10-14 18:09:08'),
(46, 'molestiae', 'Ipsa rerum est perferendis ut maxime nihil. Doloremque in omnis mollitia quo omnis aut ab animi. Quod sapiente non odit. Blanditiis consequuntur libero tempora quae modi libero.', 998, 8, 38, '2019-10-14 18:09:08', '2019-10-14 18:09:08'),
(47, 'minima', 'Qui occaecati voluptatem recusandae. Explicabo non nulla voluptatum enim beatae illum iure. Perferendis repellat at quia dolores omnis voluptatem.', 582, 5, 12, '2019-10-14 18:09:08', '2019-10-14 18:09:08'),
(48, 'ipsa', 'Exercitationem error ab et ut necessitatibus aliquam et. Et fuga quo ab rerum quasi voluptatem architecto soluta. Asperiores voluptas quia nisi id. Ipsa rerum a ea et.', 425, 9, 23, '2019-10-14 18:09:08', '2019-10-14 18:09:08'),
(49, 'natus', 'Consectetur autem deleniti voluptates quo. Similique aspernatur libero non expedita. Ab quia dolores aut eos. Id qui quia beatae vero ad.', 895, 5, 15, '2019-10-14 18:09:08', '2019-10-14 18:09:08'),
(50, 'nesciunt', 'Quaerat fugiat voluptates voluptatem repudiandae qui voluptates iure a. Non unde voluptates totam alias et ad. Et provident autem excepturi fugit autem. Ut dolore tenetur amet facere qui.', 173, 5, 19, '2019-10-14 18:09:08', '2019-10-14 18:09:08'),
(51, 'tenetur', 'Exercitationem fuga qui dolores qui. Voluptas omnis et aut deserunt asperiores sit maxime. Perspiciatis eius voluptates necessitatibus id amet illo.', 163, 8, 28, '2019-10-14 18:10:01', '2019-10-14 18:10:01'),
(52, 'pariatur', 'Maxime dolor molestiae suscipit officia et necessitatibus. Accusamus explicabo quae sint qui aliquam maiores quis. Dolores corporis cumque et. Laborum omnis non aliquam nam molestias quia non. Quia explicabo provident et voluptatibus sit amet distinctio.', 210, 9, 50, '2019-10-14 18:10:01', '2019-10-14 18:10:01'),
(53, 'autem', 'Et omnis corrupti sapiente ratione ipsa. Excepturi alias eveniet repudiandae ut. Nihil dicta vitae sapiente sint. At iusto aspernatur aut est totam.', 847, 9, 30, '2019-10-14 18:10:01', '2019-10-14 18:10:01'),
(54, 'ex', 'Ea eius quis aut et voluptas. Est perspiciatis ut aut odio. Voluptas facere ut earum modi laudantium explicabo odio est.', 684, 2, 18, '2019-10-14 18:10:01', '2019-10-14 18:10:01'),
(55, 'sequi', 'Repudiandae quaerat error sunt quaerat sint distinctio. Nisi non corrupti aperiam amet. Accusantium eaque aliquid necessitatibus cupiditate voluptatum aperiam incidunt.', 223, 2, 20, '2019-10-14 18:10:01', '2019-10-14 18:10:01'),
(56, 'nesciunt', 'Omnis consequatur numquam est sapiente quaerat voluptatem veniam. Labore esse minus voluptas qui dolores et.', 245, 5, 49, '2019-10-14 18:10:01', '2019-10-14 18:10:01'),
(57, 'libero', 'Sequi ut hic natus aperiam illum quas sed perspiciatis. Inventore quas aliquam quod esse cupiditate. Blanditiis assumenda sed magni est quia sint rem velit. Laboriosam dolore rerum cupiditate aut occaecati in eum.', 410, 2, 32, '2019-10-14 18:10:01', '2019-10-14 18:10:01'),
(58, 'officia', 'Quia blanditiis delectus minus eius dolores eaque dolorem. Cum voluptate veniam non dolorem. Atque dicta provident ducimus eaque. Pariatur consectetur sit quisquam voluptatem laudantium.', 788, 9, 38, '2019-10-14 18:10:01', '2019-10-14 18:10:01'),
(59, 'sit', 'Eos consequuntur nesciunt fugiat harum esse. Quia sed fugit ex eaque ut. Aut vel officia porro ut.', 450, 0, 37, '2019-10-14 18:10:01', '2019-10-14 18:10:01'),
(60, 'ut', 'Voluptas commodi qui in velit accusantium ut. Maxime explicabo iure accusamus numquam quod sint.', 532, 3, 41, '2019-10-14 18:10:01', '2019-10-14 18:10:01'),
(61, 'id', 'A laudantium animi est aut tempora commodi. Officia dolores sed numquam aspernatur cum quia. Ratione sit dicta perferendis sint enim aut. Deserunt praesentium fugit fugit perspiciatis sit omnis.', 773, 7, 43, '2019-10-14 18:10:01', '2019-10-14 18:10:01'),
(62, 'qui', 'Consequatur quaerat impedit quo reprehenderit. Ipsa blanditiis magni earum id earum non. Et eligendi dolor reiciendis possimus illum magnam voluptatibus id.', 928, 8, 42, '2019-10-14 18:10:01', '2019-10-14 18:10:01'),
(63, 'consequatur', 'Voluptatem dolor aliquid omnis tempore quia. Corrupti consequuntur fuga necessitatibus ipsa. Maxime est libero et voluptatem eaque. Facere perspiciatis reiciendis qui harum nam.', 140, 6, 42, '2019-10-14 18:10:01', '2019-10-14 18:10:01'),
(64, 'qui', 'Natus et consequatur quia eligendi. Voluptatem sapiente rerum commodi. Aut possimus id consequatur unde quas.', 141, 0, 21, '2019-10-14 18:10:01', '2019-10-14 18:10:01'),
(65, 'optio', 'Quidem facilis rem laborum qui reiciendis dolores. Voluptas dicta cupiditate voluptates minima sint qui quia. Et voluptas ut error deleniti non dolores aut.', 406, 8, 25, '2019-10-14 18:10:01', '2019-10-14 18:10:01'),
(66, 'et', 'Officia et rerum architecto doloribus dolor. Autem occaecati quos et. Ut velit qui sit quidem enim eum. Et nostrum expedita maiores aspernatur sed.', 205, 8, 42, '2019-10-14 18:10:01', '2019-10-14 18:10:01'),
(67, 'reiciendis', 'Ullam voluptas veniam aut ab qui quasi repellat. Dolore fugit sit et soluta quae rerum nam voluptates. Consequatur numquam pariatur cumque et rerum dolor enim.', 305, 7, 16, '2019-10-14 18:10:01', '2019-10-14 18:10:01'),
(68, 'numquam', 'Sed aliquid qui illo voluptas dignissimos dolorum. Ipsam quas dignissimos eveniet saepe reprehenderit. Beatae architecto sapiente non blanditiis dolore qui molestiae.', 270, 7, 14, '2019-10-14 18:10:01', '2019-10-14 18:10:01'),
(69, 'eos', 'Et laudantium voluptatum maxime optio labore nostrum sed. Dignissimos voluptas autem enim. Voluptates similique iure molestias quis deserunt sunt sunt.', 664, 3, 19, '2019-10-14 18:10:01', '2019-10-14 18:10:01'),
(70, 'et', 'Quo eius voluptate saepe maxime qui corrupti. Asperiores fugiat maiores nesciunt provident pariatur et. Voluptas est dolor repellat ex omnis blanditiis qui.', 751, 2, 40, '2019-10-14 18:10:01', '2019-10-14 18:10:01'),
(71, 'voluptate', 'Temporibus consequatur dicta rerum. Officia consequatur optio iusto id aut delectus. Ut accusamus iure earum facere et et. Unde tempora unde architecto sequi.', 629, 1, 22, '2019-10-14 18:10:01', '2019-10-14 18:10:01'),
(72, 'aliquam', 'Explicabo est id beatae natus odit nihil porro. Sequi numquam voluptatem dolore dolore. Officia nihil dolores quia velit enim.', 496, 5, 13, '2019-10-14 18:10:01', '2019-10-14 18:10:01'),
(73, 'fuga', 'Et accusamus ipsam sequi debitis molestiae iusto eos. Aperiam rerum voluptates ipsa in laboriosam. Sequi quae consequatur aliquid explicabo provident labore quidem.', 593, 3, 28, '2019-10-14 18:10:01', '2019-10-14 18:10:01'),
(74, 'sit', 'Eos officia pariatur debitis saepe. Voluptate quis praesentium cum autem. Maxime nobis dicta aspernatur rem molestias. Cumque minus non doloremque molestiae.', 842, 3, 18, '2019-10-14 18:10:01', '2019-10-14 18:10:01'),
(75, 'optio', 'Excepturi laborum nam quas consequatur et sapiente. Est non voluptatum possimus eum velit ut. Amet dignissimos incidunt consequatur harum debitis ea quasi magni.', 880, 3, 35, '2019-10-14 18:10:01', '2019-10-14 18:10:01'),
(76, 'provident', 'Labore sed saepe error qui accusamus. Reiciendis fuga dolorum eum rerum repudiandae. Sint totam aut sit ipsam.', 809, 5, 29, '2019-10-14 18:10:01', '2019-10-14 18:10:01'),
(77, 'accusamus', 'Repellendus qui eaque velit ea in est dolorum cumque. Odio voluptate repudiandae suscipit dolorem necessitatibus nostrum. Voluptas ex blanditiis deleniti amet rerum occaecati dolores dolore. Qui harum dolorum minus distinctio.', 671, 8, 32, '2019-10-14 18:10:01', '2019-10-14 18:10:01'),
(78, 'itaque', 'Dolor accusantium earum quas est accusamus. Voluptas dolorum quod laboriosam magnam. Ea non nobis molestias et dignissimos eos molestiae. Vitae aliquid qui est est.', 824, 3, 24, '2019-10-14 18:10:01', '2019-10-14 18:10:01'),
(79, 'cumque', 'Veritatis modi velit sunt aut neque ex ad. Commodi in fugit est est deserunt vel. Unde hic illo culpa nobis consequatur rerum illo qui.', 522, 8, 29, '2019-10-14 18:10:01', '2019-10-14 18:10:01'),
(80, 'sed', 'Doloremque accusamus nostrum facere dolor non est dolore iste. Veritatis qui exercitationem dolor sunt quo quo neque. Voluptas libero unde rerum tenetur voluptatibus.', 783, 3, 25, '2019-10-14 18:10:01', '2019-10-14 18:10:01'),
(81, 'natus', 'Voluptatem consequuntur cum culpa tempora odit. Odio iure atque autem. Nisi consequuntur quos nam perspiciatis culpa inventore. Praesentium exercitationem voluptatem nemo non. Rem voluptatem est ducimus quam.', 684, 5, 35, '2019-10-14 18:10:01', '2019-10-14 18:10:01'),
(82, 'sapiente', 'Nobis deserunt perferendis quo maiores quia molestiae. Veritatis consequatur voluptatibus quia voluptatem quisquam voluptate. Repellat omnis et minima ad. Tempore omnis ut soluta odit perspiciatis nam ut.', 806, 9, 19, '2019-10-14 18:10:01', '2019-10-14 18:10:01'),
(83, 'neque', 'Enim accusantium voluptatibus qui. Rerum consequatur qui ut ipsum ex deleniti. Velit sed et commodi voluptatem.', 244, 7, 38, '2019-10-14 18:10:01', '2019-10-14 18:10:01'),
(84, 'quaerat', 'Et quis corrupti corrupti perspiciatis. Architecto dolorem autem ut quo est et omnis. Sint voluptatem nesciunt dolor exercitationem odit doloribus cupiditate.', 301, 3, 21, '2019-10-14 18:10:01', '2019-10-14 18:10:01'),
(85, 'commodi', 'Eligendi officia error qui. Aut in modi reprehenderit magnam aperiam explicabo.', 734, 5, 43, '2019-10-14 18:10:01', '2019-10-14 18:10:01'),
(86, 'aspernatur', 'Sit sint vel repellat laborum. Autem tempore molestias eligendi voluptatum laudantium voluptas ex. Amet est aut mollitia quibusdam commodi ratione saepe.', 872, 1, 45, '2019-10-14 18:10:01', '2019-10-14 18:10:01'),
(87, 'occaecati', 'Excepturi molestias nisi magni exercitationem temporibus culpa modi. Magni voluptate officia autem fuga. Sit eveniet quibusdam sunt impedit ut expedita fugiat qui.', 918, 2, 32, '2019-10-14 18:10:01', '2019-10-14 18:10:01'),
(88, 'animi', 'Eligendi nihil repudiandae quos ut magni ratione suscipit. Est ipsum alias et iste. Possimus aperiam sit quam et tempora corporis optio.', 783, 8, 44, '2019-10-14 18:10:01', '2019-10-14 18:10:01'),
(89, 'natus', 'Reiciendis iste doloremque aspernatur quo. Qui blanditiis modi commodi sint alias tempore. Quia aliquam quia eos quam rem accusantium.', 527, 7, 31, '2019-10-14 18:10:01', '2019-10-14 18:10:01'),
(90, 'quo', 'Tempora ad sed at vitae. Voluptatum molestias esse eveniet maxime reprehenderit. Nemo veritatis inventore voluptatem. Voluptatem exercitationem numquam eum vero excepturi magni.', 932, 1, 44, '2019-10-14 18:10:01', '2019-10-14 18:10:01'),
(91, 'dolorem', 'Velit aut ut dolor est. Maxime magnam aspernatur corrupti ratione neque cumque. Ipsam dolores fuga soluta delectus ut. Velit accusantium nihil beatae.', 971, 2, 23, '2019-10-14 18:10:01', '2019-10-14 18:10:01'),
(92, 'quibusdam', 'Amet atque excepturi enim ut nemo. Omnis hic occaecati nam est qui excepturi molestias. In et ea odit dolores. Asperiores dignissimos suscipit debitis et possimus iusto.', 562, 7, 23, '2019-10-14 18:10:01', '2019-10-14 18:10:01'),
(93, 'aliquid', 'Eum nisi reprehenderit in aperiam. Laudantium tempora voluptatem cum dolorem. Velit dolorem ad quia nemo sed et.', 444, 1, 39, '2019-10-14 18:10:01', '2019-10-14 18:10:01'),
(94, 'dolorum', 'Rem aut eos consequatur officia tempore. Labore accusamus eligendi adipisci blanditiis similique dolorem. Earum aut quia dicta qui ut id. Nisi qui iusto minus non cum.', 585, 3, 38, '2019-10-14 18:10:01', '2019-10-14 18:10:01'),
(95, 'alias', 'Sit id iure quia nulla praesentium. Ad amet velit est ab provident qui voluptas. Qui eius dolorum dolorem quia non rerum. Ut inventore saepe animi.', 112, 2, 48, '2019-10-14 18:10:01', '2019-10-14 18:10:01'),
(96, 'consequatur', 'Repellat nihil vel et alias dolor reiciendis voluptatem possimus. Aperiam qui provident explicabo sed. Eum tenetur illum qui perferendis voluptates dolor. Repellat sunt ea sapiente ab placeat id repellendus.', 553, 4, 10, '2019-10-14 18:10:01', '2019-10-14 18:10:01'),
(97, 'sunt', 'Aut nobis commodi occaecati similique. Deserunt nostrum dolor dolore odio voluptate. Eius aut autem quasi. Sed porro nam dolorum vel.', 374, 7, 39, '2019-10-14 18:10:01', '2019-10-14 18:10:01'),
(98, 'qui', 'Assumenda ea ipsa ut aliquam ut distinctio et. Minus ut recusandae odit nisi ut ad. Sunt eos ipsam et sapiente.', 455, 3, 26, '2019-10-14 18:10:01', '2019-10-14 18:10:01'),
(99, 'sint', 'Sit sint doloremque explicabo architecto dignissimos saepe quaerat. Aut fugiat sed a dicta magni. Et dolorem illum maxime aut quo sapiente ab. Qui non harum quisquam repellendus suscipit. Nisi id sequi tempore quas animi et officiis.', 645, 1, 36, '2019-10-14 18:10:01', '2019-10-14 18:10:01'),
(100, 'qui', 'Ipsa fugiat et rem nesciunt et. Dolores unde beatae distinctio fugit sapiente voluptatum non sunt. Consequuntur quo voluptas pariatur non.', 659, 6, 20, '2019-10-14 18:10:01', '2019-10-14 18:10:01');

-- --------------------------------------------------------

--
-- Table structure for table `reviews`
--

CREATE TABLE `reviews` (
  `id` bigint(20) UNSIGNED NOT NULL,
  `product_id` bigint(20) UNSIGNED NOT NULL,
  `customer` varchar(191) COLLATE utf8mb4_unicode_ci NOT NULL,
  `review` text COLLATE utf8mb4_unicode_ci NOT NULL,
  `star` int(11) NOT NULL,
  `created_at` timestamp NULL DEFAULT NULL,
  `updated_at` timestamp NULL DEFAULT NULL
) ENGINE=InnoDB DEFAULT CHARSET=utf8mb4 COLLATE=utf8mb4_unicode_ci;

--
-- Dumping data for table `reviews`
--

INSERT INTO `reviews` (`id`, `product_id`, `customer`, `review`, `star`, `created_at`, `updated_at`) VALUES
(1, 22, 'Mr. Leone Pollich Jr.', 'Omnis aspernatur optio consequatur et deleniti ipsa. Eveniet totam enim molestiae corporis doloremque sapiente. Eveniet sit autem voluptate quis tenetur quia.', 2, '2019-10-14 18:10:02', '2019-10-14 18:10:02'),
(2, 38, 'Cordell Gottlieb DVM', 'Dolor sunt ex temporibus omnis ut officia. Accusantium voluptate aut quia. Impedit rem qui aperiam expedita cum voluptatibus.', 4, '2019-10-14 18:10:02', '2019-10-14 18:10:02'),
(3, 88, 'Dr. Lolita Nitzsche', 'Dolor sint sed et provident quia. Doloremque omnis possimus quaerat magni non eum accusamus a. Quas quo sit optio dolor in perferendis. Nihil similique quis excepturi exercitationem quidem.', 5, '2019-10-14 18:10:02', '2019-10-14 18:10:02'),
(4, 88, 'Mrs. Aliza Koelpin Sr.', 'Laborum assumenda cupiditate error exercitationem corrupti enim. Consectetur in recusandae aspernatur accusantium similique est ratione.', 5, '2019-10-14 18:10:02', '2019-10-14 18:10:02'),
(5, 66, 'Ms. Ashlee Mueller DVM', 'Sed quis inventore dolores qui reprehenderit inventore accusantium. Sed eveniet iusto cupiditate fuga qui enim eveniet. Ut ab blanditiis excepturi. Delectus molestiae reiciendis qui animi dicta.', 3, '2019-10-14 18:10:02', '2019-10-14 18:10:02'),
(6, 40, 'Silas Heller MD', 'Blanditiis aliquam aut voluptatem in culpa voluptatem eos. Aperiam tenetur ut repellendus delectus.', 2, '2019-10-14 18:10:02', '2019-10-14 18:10:02'),
(7, 89, 'Prof. Jon Mann IV', 'Culpa est eos officiis pariatur ipsam. Autem quo tenetur qui iste dolorem aut. Ea id autem placeat officiis. Voluptatum inventore sed nostrum magnam nostrum qui.', 2, '2019-10-14 18:10:02', '2019-10-14 18:10:02'),
(8, 8, 'Rosario Muller', 'Ullam officiis veniam qui dolorem voluptatibus doloribus. Consequatur nobis voluptatem blanditiis blanditiis ut mollitia. Incidunt nemo aut dicta magni quis ut.', 1, '2019-10-14 18:10:02', '2019-10-14 18:10:02'),
(9, 49, 'Janelle Marquardt', 'Accusamus omnis et dolorum tenetur quia. Soluta repudiandae in excepturi. Perspiciatis ipsa enim corporis dolorem excepturi est consequatur dolorem.', 1, '2019-10-14 18:10:02', '2019-10-14 18:10:02'),
(10, 11, 'Jaime Kemmer', 'Ut quia maxime asperiores. Excepturi hic quis perferendis. Natus sint aut distinctio voluptatibus commodi reprehenderit aut. Ea nostrum ratione dignissimos consectetur hic.', 0, '2019-10-14 18:10:02', '2019-10-14 18:10:02'),
(11, 87, 'Edward Grimes V', 'Corrupti qui ea ullam velit. Eveniet dolore natus ratione tempore error architecto. Qui sunt animi et in facilis consectetur. Eum deserunt tempora eveniet.', 0, '2019-10-14 18:10:02', '2019-10-14 18:10:02'),
(12, 66, 'Rosamond King', 'Id ullam et deleniti asperiores. In qui corporis nobis modi id.', 1, '2019-10-14 18:10:02', '2019-10-14 18:10:02'),
(13, 6, 'Jessyca Wiza Sr.', 'Natus reiciendis non voluptas aperiam ut. Aspernatur tenetur nesciunt aperiam voluptas delectus laudantium. Ea quia quia et aut maxime numquam id quia. A et quae qui eum.', 1, '2019-10-14 18:10:02', '2019-10-14 18:10:02'),
(14, 47, 'Ewald Stiedemann', 'Dolorum sit veniam ut asperiores aspernatur esse magnam aut. Sed est et pariatur fuga adipisci expedita ad. Blanditiis ad non non voluptas doloribus qui voluptate non. Qui hic quo et.', 3, '2019-10-14 18:10:02', '2019-10-14 18:10:02'),
(15, 79, 'Mr. Dell Ullrich III', 'Nisi numquam consequatur nulla enim et culpa. Soluta voluptatem voluptatum iusto similique. Ullam esse nisi nesciunt vero.', 5, '2019-10-14 18:10:02', '2019-10-14 18:10:02'),
(16, 55, 'Sigrid Jenkins', 'Dolores et corporis et asperiores. Dolore dolorem aut et aut eius. Facere omnis est molestiae distinctio non. Non officiis officiis et nihil.', 3, '2019-10-14 18:10:02', '2019-10-14 18:10:02'),
(17, 13, 'Claudine Gibson', 'Et quod et repellat beatae labore tempora. Beatae magnam atque dignissimos eos. Quae commodi et quas quidem ut.', 1, '2019-10-14 18:10:02', '2019-10-14 18:10:02'),
(18, 92, 'Miss Ida Schinner', 'Voluptatem quos illum aspernatur nesciunt nesciunt aut quia. Vel qui fugit non sit. Nam nobis et ut impedit consequatur qui corrupti.', 2, '2019-10-14 18:10:02', '2019-10-14 18:10:02'),
(19, 7, 'Timmothy Rogahn', 'In voluptatem et nam rem est. Quo expedita et facere.', 3, '2019-10-14 18:10:02', '2019-10-14 18:10:02'),
(20, 94, 'Luis Marquardt', 'Qui ratione nisi consequuntur aut. Ex occaecati impedit repellat vel et deserunt libero. Provident pariatur fugit eveniet voluptatibus dolorem.', 3, '2019-10-14 18:10:02', '2019-10-14 18:10:02'),
(21, 6, 'Tatum Krajcik', 'Optio aliquid saepe excepturi sunt reiciendis veritatis iste. Maxime ea voluptatem nam tempore sit.', 3, '2019-10-14 18:10:02', '2019-10-14 18:10:02'),
(22, 96, 'Asa Waelchi', 'Quam temporibus ad voluptas iure. Quasi aspernatur sint repellat rerum dolores exercitationem omnis.', 0, '2019-10-14 18:10:02', '2019-10-14 18:10:02'),
(23, 5, 'Mr. Colton Hills II', 'Alias voluptas quo reprehenderit ea enim incidunt omnis rerum. Aut eum voluptatem eius debitis quia. Dolorem provident unde consequuntur tempore sunt. Molestiae sint et velit voluptate praesentium nisi.', 0, '2019-10-14 18:10:02', '2019-10-14 18:10:02'),
(24, 11, 'Estell Stroman', 'Autem iste odio voluptatem qui quam. Deleniti deserunt eum eaque qui mollitia. Laborum dolorem quia reprehenderit autem saepe. Sint eius labore quo minima.', 3, '2019-10-14 18:10:02', '2019-10-14 18:10:02'),
(25, 44, 'Lois Beer MD', 'Sed eum illum assumenda minima et ea. Occaecati natus dolor reiciendis rerum et. Corrupti error et doloremque voluptatem sequi sint.', 5, '2019-10-14 18:10:02', '2019-10-14 18:10:02'),
(26, 54, 'Dr. Shyanne Pouros', 'Deleniti optio error aut ex ab illo eius et. Exercitationem aliquam soluta recusandae consequatur dignissimos rem. Voluptatem et quod nulla sunt delectus. Illo veritatis assumenda ut aut.', 5, '2019-10-14 18:10:02', '2019-10-14 18:10:02'),
(27, 1, 'Prince Jaskolski', 'Tenetur nemo rerum vitae sit mollitia ipsum doloremque. Eaque tenetur est laboriosam ducimus. Rerum veritatis dolore omnis nam minus quis itaque.', 2, '2019-10-14 18:10:02', '2019-10-14 18:10:02'),
(28, 62, 'Ms. Jacquelyn Keebler I', 'Aut sit rem corrupti provident nihil perferendis ea esse. Eum nisi eos nemo asperiores aliquid in ratione. Nobis aliquam ad ratione quo voluptatem aut. Aut omnis consequatur maiores doloribus voluptatem accusamus ut.', 2, '2019-10-14 18:10:02', '2019-10-14 18:10:02'),
(29, 25, 'Benedict Hickle IV', 'Harum quia dolor inventore totam similique voluptas. Quae est qui voluptas itaque nostrum in debitis. Voluptas nemo nihil tempore aliquid doloremque omnis. Ex adipisci ducimus laborum vero labore ut.', 1, '2019-10-14 18:10:02', '2019-10-14 18:10:02'),
(30, 87, 'Gerardo Cartwright', 'Omnis cupiditate eos libero molestiae voluptate facilis eius. Nobis ex incidunt autem delectus odio enim. Veniam aliquam cumque ut libero. Sit odit reiciendis assumenda labore.', 4, '2019-10-14 18:10:02', '2019-10-14 18:10:02'),
(31, 51, 'Noelia Dibbert', 'Vel quibusdam illum ipsum consequatur minus. Quam similique quia dolorum optio. Totam molestiae facilis facilis vitae sed vero minus. Et temporibus est sunt voluptas.', 1, '2019-10-14 18:10:02', '2019-10-14 18:10:02'),
(32, 59, 'Audreanne Wolf DDS', 'Fuga accusamus aut voluptatem. Qui omnis esse cumque soluta rerum atque voluptatum est. Aut quam earum minima amet culpa animi non.', 1, '2019-10-14 18:10:02', '2019-10-14 18:10:02'),
(33, 62, 'Kasey Hyatt', 'Perferendis nostrum magnam et dolores non enim quam est. Nihil tempora vitae sit eum sit. Rerum quia odio rerum. Atque aliquam mollitia enim eos pariatur qui qui. Commodi iure neque ex illo.', 4, '2019-10-14 18:10:02', '2019-10-14 18:10:02'),
(34, 79, 'Armando Considine Sr.', 'Magnam possimus a explicabo sit eveniet occaecati libero. Incidunt quia minima voluptatem ullam tempora laboriosam. Eum tempore totam ullam non delectus odio vel. Non ipsam velit eum et.', 1, '2019-10-14 18:10:02', '2019-10-14 18:10:02'),
(35, 25, 'Karli Bartell', 'Vel et et ex quo dolorem molestiae. Non magnam ea id sapiente quidem. Quia et occaecati et. Non est dolor illum veritatis sit.', 5, '2019-10-14 18:10:02', '2019-10-14 18:10:02'),
(36, 18, 'Asia Oberbrunner', 'Et ipsa ab est esse beatae. Aut quam deserunt provident quia. Explicabo tempore vel ut ea.', 1, '2019-10-14 18:10:02', '2019-10-14 18:10:02'),
(37, 35, 'Prof. Arvilla Mosciski', 'Rerum qui nihil aut. Delectus unde sed autem delectus velit dolor. Illum sequi neque eos consequatur.', 4, '2019-10-14 18:10:02', '2019-10-14 18:10:02'),
(38, 35, 'Michaela Stanton', 'Optio enim sint et non dolorem et. Eveniet beatae omnis dolor quibusdam.', 1, '2019-10-14 18:10:02', '2019-10-14 18:10:02'),
(39, 57, 'June Cummerata', 'Culpa magnam dicta architecto officiis enim. Aliquid molestiae aut odit culpa. Sit aliquam adipisci placeat deleniti ut. Ea corrupti voluptatem voluptatem qui consequatur nemo recusandae.', 1, '2019-10-14 18:10:02', '2019-10-14 18:10:02'),
(40, 58, 'Darby Muller', 'Omnis aut optio non nihil nam facilis. Qui dolores modi quia voluptas ad libero. Dolores quia qui numquam. Aut maxime qui ut possimus vel. Culpa animi dolorem ut totam cupiditate.', 0, '2019-10-14 18:10:02', '2019-10-14 18:10:02'),
(41, 54, 'Prof. Lucile Kutch PhD', 'Est ut inventore rerum quo. Aspernatur veritatis error dolore quia in soluta. Magnam maiores eveniet voluptatem placeat qui inventore. Expedita adipisci vero voluptas consectetur.', 5, '2019-10-14 18:10:02', '2019-10-14 18:10:02'),
(42, 35, 'Prof. Manuela Dickinson', 'Ipsa numquam id ut a quasi consequatur est. Expedita ab sed optio. Esse quaerat eum voluptas aut minus repudiandae earum.', 1, '2019-10-14 18:10:02', '2019-10-14 18:10:02'),
(43, 57, 'Chaya Towne', 'Soluta reiciendis corporis error velit dolore provident ut perferendis. Laboriosam aspernatur est deserunt qui quisquam veniam. Commodi pariatur nihil blanditiis explicabo dignissimos.', 2, '2019-10-14 18:10:02', '2019-10-14 18:10:02'),
(44, 58, 'Cody Weimann II', 'Facilis error dolores quas enim rerum quibusdam. Qui exercitationem consequatur non. Qui et illum harum tenetur quasi esse a. Possimus quidem recusandae qui ea aut.', 4, '2019-10-14 18:10:02', '2019-10-14 18:10:02'),
(45, 14, 'Eladio Stoltenberg', 'Harum voluptatem consectetur veritatis perspiciatis qui. Officiis ex eveniet molestiae in. Non est aspernatur et accusantium non magni. Voluptatem accusamus ipsum est et hic est. Quo iste eius ipsa sit.', 5, '2019-10-14 18:10:02', '2019-10-14 18:10:02'),
(46, 85, 'Mrs. Arlene O\'Reilly', 'Dolorem cumque eos repudiandae dicta quis officia. Dicta officiis est et velit. Occaecati tempore mollitia explicabo voluptas nihil ut praesentium. Inventore soluta dolore aliquid occaecati porro modi atque tempore.', 5, '2019-10-14 18:10:02', '2019-10-14 18:10:02'),
(47, 75, 'Prof. Ole Waters V', 'Sint vero facilis non inventore molestiae. Velit qui quidem voluptatem ea aut. Modi modi dolore eos architecto et.', 2, '2019-10-14 18:10:02', '2019-10-14 18:10:02'),
(48, 74, 'Mckenzie Littel', 'Quia et voluptatem aut voluptatum. Quasi quas et sit dolorem accusamus. Vero sint expedita labore accusamus voluptas in blanditiis.', 1, '2019-10-14 18:10:02', '2019-10-14 18:10:02'),
(49, 30, 'Monroe Frami', 'Accusantium quia eum qui praesentium amet perferendis. Non tempore dolor nemo quos ea unde. Dolores quia at eos animi minima aut aut. Assumenda non sit qui.', 3, '2019-10-14 18:10:02', '2019-10-14 18:10:02'),
(50, 41, 'Mrs. Mckayla Bode', 'Ab earum asperiores error rerum aut aut ratione. Excepturi omnis accusamus quis repellendus ea. Laudantium esse aut odit sint. Iste eos non repellat quis.', 2, '2019-10-14 18:10:02', '2019-10-14 18:10:02'),
(51, 35, 'Joany Rogahn DDS', 'Repellat unde temporibus blanditiis ad et. Eos sapiente neque aut sapiente est architecto. Quidem itaque doloribus et illo cum voluptatem. Aut delectus voluptatibus numquam deserunt placeat omnis aspernatur.', 1, '2019-10-14 18:10:02', '2019-10-14 18:10:02'),
(52, 23, 'Nella McGlynn DDS', 'Assumenda incidunt similique earum est. Hic commodi qui nam eum. Sunt nulla corporis laborum itaque aut enim rem animi.', 0, '2019-10-14 18:10:02', '2019-10-14 18:10:02'),
(53, 17, 'Tomas Rowe', 'Qui ipsum et eos voluptas suscipit voluptatum. Atque vel adipisci laborum tenetur. Quod occaecati cumque exercitationem ut fuga nisi. Consectetur ullam velit deserunt aut.', 1, '2019-10-14 18:10:02', '2019-10-14 18:10:02'),
(54, 31, 'Ricardo Nolan', 'Rerum omnis totam a aut ut. Et voluptatem deserunt nesciunt impedit optio. Dolore non aut dignissimos velit. Error a delectus omnis aut blanditiis qui.', 3, '2019-10-14 18:10:02', '2019-10-14 18:10:02'),
(55, 31, 'Prof. Humberto Von II', 'Veniam adipisci quam laboriosam neque. Delectus sed consequuntur eum soluta ab magni. Voluptas aut eligendi sapiente aut impedit impedit occaecati.', 2, '2019-10-14 18:10:02', '2019-10-14 18:10:02'),
(56, 80, 'Osvaldo Powlowski', 'Officiis aspernatur enim nobis ratione maxime placeat veniam. Quia magnam consequatur qui asperiores quisquam ipsa. Quia nesciunt ut est harum temporibus cumque. Et consequuntur nisi aliquam rem rerum blanditiis quasi. Dolorum quas quos maxime dolorem vel aut.', 4, '2019-10-14 18:10:02', '2019-10-14 18:10:02'),
(57, 88, 'Dr. Eve Little Jr.', 'In aliquid sint expedita modi exercitationem. Est unde suscipit rem commodi. Nobis est repudiandae sapiente totam rerum. Eligendi qui impedit molestiae voluptas omnis magni sint.', 5, '2019-10-14 18:10:02', '2019-10-14 18:10:02'),
(58, 83, 'Ayana Satterfield', 'Illum qui placeat debitis hic veritatis. Molestiae repellendus architecto et. Occaecati eos ipsa quia est porro beatae. Recusandae non omnis non autem libero alias.', 5, '2019-10-14 18:10:02', '2019-10-14 18:10:02'),
(59, 95, 'Felicita Goodwin', 'Molestias sint doloribus porro alias repellat dolores molestias sit. Quaerat dolore corporis illo dolorem aut nemo natus.', 2, '2019-10-14 18:10:02', '2019-10-14 18:10:02'),
(60, 1, 'Lucinda Stark', 'Id temporibus minus laborum tempora illo omnis explicabo. Earum ut minus sit et consequatur porro consequatur quam. Ut iste iure vitae inventore.', 5, '2019-10-14 18:10:02', '2019-10-14 18:10:02'),
(61, 61, 'Lee Leuschke', 'Distinctio dignissimos aut ratione aut enim eum accusantium. Omnis nulla optio odit voluptas sequi impedit magni.', 1, '2019-10-14 18:10:02', '2019-10-14 18:10:02'),
(62, 8, 'Ms. Eldridge Kiehn Sr.', 'Facere blanditiis ut et adipisci voluptate. Repudiandae voluptate voluptatum iusto nam. Explicabo qui ex quod praesentium ut iste facilis. Earum voluptatem esse aut totam aspernatur dolor unde.', 4, '2019-10-14 18:10:02', '2019-10-14 18:10:02'),
(63, 90, 'Maria Hammes', 'Laboriosam eveniet id aut aspernatur molestiae. Ullam libero eveniet magni voluptas nisi nesciunt. Esse aut alias aut delectus rerum expedita voluptatem. Veritatis accusamus ut autem qui veritatis aliquid.', 4, '2019-10-14 18:10:02', '2019-10-14 18:10:02'),
(64, 64, 'Tre Bauch II', 'Sunt in et vel sapiente doloribus. Rerum ratione non ab temporibus. Officia voluptatem assumenda aut perferendis at tempora dignissimos.', 4, '2019-10-14 18:10:02', '2019-10-14 18:10:02'),
(65, 92, 'Dillon Stehr', 'Non ullam omnis qui. Reprehenderit iusto totam deserunt nobis beatae. Perferendis perferendis natus ut voluptate corporis accusamus sint.', 3, '2019-10-14 18:10:02', '2019-10-14 18:10:02'),
(66, 78, 'Mrs. Theodora Deckow', 'Laborum tenetur eius nesciunt eos consectetur. Animi saepe deleniti repellendus rerum non odio. Ducimus repellat architecto beatae est unde est.', 1, '2019-10-14 18:10:02', '2019-10-14 18:10:02'),
(67, 28, 'Adonis Sipes DVM', 'Odit quia consectetur molestiae quod magni in excepturi. Saepe quam velit animi. Quidem explicabo repellat qui velit iusto repudiandae.', 4, '2019-10-14 18:10:02', '2019-10-14 18:10:02'),
(68, 91, 'Chanel Hoppe', 'Vel laudantium officia dolores sequi. Dolorem suscipit dolores rem itaque officiis aut. Voluptatem iste cumque voluptas magnam ut.', 5, '2019-10-14 18:10:02', '2019-10-14 18:10:02'),
(69, 15, 'Robert Armstrong', 'Est facilis iusto voluptatem non quibusdam. Eos porro quos ut voluptatem. Expedita quidem voluptas quos quos quasi beatae. Qui numquam quia deleniti non repudiandae delectus quasi.', 2, '2019-10-14 18:10:03', '2019-10-14 18:10:03'),
(70, 29, 'Reanna Rogahn PhD', 'Nihil animi velit sequi voluptas alias. Velit est accusantium quo ut et dolores est. Est unde ad tempora.', 1, '2019-10-14 18:10:03', '2019-10-14 18:10:03'),
(71, 44, 'Stanley Torp', 'Qui earum ducimus inventore quis vel similique. Enim dolor exercitationem a nostrum dicta neque quasi vel. Incidunt voluptatum error quidem eaque quis sed tempora atque. Non dolor debitis animi in qui veniam.', 3, '2019-10-14 18:10:03', '2019-10-14 18:10:03'),
(72, 29, 'Madie Braun', 'Omnis velit quasi amet qui. Suscipit nihil dolorem dolor nesciunt possimus rem saepe eos. Sed voluptatem non voluptatibus rerum facere vel quae. Quaerat tenetur aut quia ratione.', 4, '2019-10-14 18:10:03', '2019-10-14 18:10:03'),
(73, 42, 'Amely Lockman', 'Dolore dolores at itaque commodi quis ut vel. Ea debitis quia vitae dolores. Nihil voluptatem odit quia qui laborum. Itaque architecto iure molestias explicabo.', 2, '2019-10-14 18:10:03', '2019-10-14 18:10:03'),
(74, 40, 'Prof. Lexie Haag IV', 'Voluptatum expedita et voluptas hic odio itaque. Dolor porro magnam illo sequi. Quis facilis unde dolorum minus. Aut qui quis sit harum voluptatem.', 4, '2019-10-14 18:10:03', '2019-10-14 18:10:03'),
(75, 18, 'Dr. Helen Renner I', 'Nam a beatae consequatur repellendus illum. Quod officia dolorem quas et. Nihil autem quia nobis et nihil quisquam. Tempora voluptas sapiente eaque ullam in.', 4, '2019-10-14 18:10:03', '2019-10-14 18:10:03'),
(76, 81, 'Imogene Grant MD', 'Aspernatur deleniti corporis reiciendis magnam. Illo voluptas voluptatibus hic et sed voluptas.', 2, '2019-10-14 18:10:03', '2019-10-14 18:10:03'),
(77, 25, 'Britney Price', 'Quia aut molestiae et minus animi veniam qui voluptas. Voluptas quia praesentium quis ullam sed voluptates. Doloribus quae voluptatem quia qui quaerat.', 2, '2019-10-14 18:10:03', '2019-10-14 18:10:03'),
(78, 55, 'Dominic Willms PhD', 'Deserunt dolorum beatae quos ea tenetur velit explicabo. Aut magni quia dicta aut. Consequatur est quis et minima tenetur laboriosam. Et mollitia aut hic et velit.', 4, '2019-10-14 18:10:03', '2019-10-14 18:10:03'),
(79, 6, 'Jovan Wintheiser', 'Architecto nemo quo eveniet quo cum vel et. Voluptas doloribus sed reiciendis cupiditate. Odio distinctio perspiciatis et animi.', 3, '2019-10-14 18:10:03', '2019-10-14 18:10:03'),
(80, 81, 'Jarod Hand', 'Veritatis earum atque temporibus impedit laborum repellendus. Aperiam voluptas perferendis facilis voluptates. Totam voluptas perspiciatis voluptas error autem beatae accusamus et. Voluptatem et magnam veniam qui doloribus.', 1, '2019-10-14 18:10:03', '2019-10-14 18:10:03'),
(81, 18, 'Rosamond Blanda', 'Nisi necessitatibus pariatur commodi mollitia et. Sit molestiae aut non unde. Voluptate nihil fugit molestias facilis. Ipsam ab quia tenetur animi.', 3, '2019-10-14 18:10:03', '2019-10-14 18:10:03'),
(82, 55, 'Ms. Lily Smith', 'Voluptatem voluptatum sequi quis error. Accusamus eveniet accusantium aliquid dicta. Omnis placeat eius architecto nostrum quia et quas. Consequatur est sapiente fugit dolor asperiores sed excepturi mollitia.', 2, '2019-10-14 18:10:03', '2019-10-14 18:10:03'),
(83, 69, 'Lafayette Fisher', 'Qui excepturi incidunt et aut quis aut magnam. Qui saepe laborum sed beatae porro quia.', 3, '2019-10-14 18:10:03', '2019-10-14 18:10:03'),
(84, 77, 'Dr. Walton Olson', 'Quia commodi aut iste in illo officiis atque vitae. Quidem adipisci atque aut quam ut. Est quasi facere ut earum similique exercitationem. Sed impedit vel dolores rerum consequuntur. Fuga quis voluptatum qui maiores non.', 5, '2019-10-14 18:10:03', '2019-10-14 18:10:03'),
(85, 56, 'Pierre McGlynn', 'Aperiam veritatis dolor quidem repellendus unde molestias. Nesciunt dolorem accusantium incidunt voluptatem excepturi. Nesciunt voluptate in quibusdam.', 3, '2019-10-14 18:10:03', '2019-10-14 18:10:03'),
(86, 83, 'Liana Wisoky', 'Perferendis consequuntur quo molestiae numquam. Quibusdam modi et et repellat autem id modi. Assumenda quos est corporis autem ipsam aut sint. Corporis magni dignissimos officia doloribus. Error iste maxime reprehenderit consequatur eveniet.', 0, '2019-10-14 18:10:03', '2019-10-14 18:10:03'),
(87, 12, 'Prof. Charles Gibson I', 'Sapiente assumenda ab autem animi ea autem sit. Ea non veniam maxime tenetur nemo saepe. Doloremque illo suscipit deleniti voluptatum voluptatem qui dolores. Pariatur est sit occaecati.', 0, '2019-10-14 18:10:03', '2019-10-14 18:10:03'),
(88, 6, 'Camylle Wuckert', 'Modi sit sit totam consequatur id aut aut. Vitae rerum animi dolorum aut et earum. Aliquam quas nemo ratione fuga et qui.', 5, '2019-10-14 18:10:03', '2019-10-14 18:10:03'),
(89, 57, 'Murray Rosenbaum DVM', 'Accusamus et molestiae mollitia inventore. Magnam voluptatem voluptate quos delectus nulla harum aspernatur. In nihil vero eum atque consequatur voluptates sapiente.', 4, '2019-10-14 18:10:03', '2019-10-14 18:10:03'),
(90, 23, 'Rollin Beatty', 'Voluptatibus vero animi omnis. Sint blanditiis consequatur aliquam reprehenderit recusandae enim. Molestiae vero perferendis sed possimus. Quidem quo architecto dignissimos voluptatem.', 2, '2019-10-14 18:10:03', '2019-10-14 18:10:03'),
(91, 89, 'Mr. Vern Morissette I', 'Cum quas qui possimus temporibus ullam recusandae. Sunt quaerat consequuntur sint sit quo fugit. Nihil quia asperiores nobis consequatur id nam aspernatur. Ut reiciendis deserunt at eius.', 2, '2019-10-14 18:10:03', '2019-10-14 18:10:03'),
(92, 55, 'Ms. Vella Gerhold', 'Ea rem autem voluptatum laboriosam accusamus sit beatae. Eos corrupti ipsa aperiam ex. Nihil facilis beatae perferendis in neque iure cum et. Vel praesentium et nesciunt dolor nihil.', 5, '2019-10-14 18:10:03', '2019-10-14 18:10:03'),
(93, 38, 'Mrs. Jailyn Schamberger II', 'Voluptatem eos incidunt voluptatem non. Aliquam occaecati harum enim. Alias dolor laborum rerum modi animi pariatur.', 2, '2019-10-14 18:10:03', '2019-10-14 18:10:03'),
(94, 90, 'Yessenia Koss', 'Fugit dolores maiores dignissimos voluptates culpa eaque. Tenetur quos cum adipisci iusto fugit et. Suscipit architecto est incidunt adipisci.', 1, '2019-10-14 18:10:03', '2019-10-14 18:10:03'),
(95, 84, 'Green Ziemann III', 'Debitis ratione optio esse id odio velit ratione. Reiciendis deserunt minima quod unde nulla sit facere. Quo reiciendis sed aut molestiae soluta in autem.', 3, '2019-10-14 18:10:03', '2019-10-14 18:10:03'),
(96, 85, 'Ms. Tierra Balistreri', 'Rerum omnis ex debitis iste. Quia laboriosam cum voluptatibus deserunt in qui maxime. Quis ut similique ut sit ex ut. Laudantium repellat ea quis enim occaecati quia. Dolorum occaecati quis deserunt aperiam.', 1, '2019-10-14 18:10:03', '2019-10-14 18:10:03'),
(97, 74, 'Stanford Schiller', 'Atque optio non placeat sequi soluta laborum omnis ut. Quos recusandae recusandae laboriosam quae. Blanditiis eveniet aut deleniti aliquam aut.', 5, '2019-10-14 18:10:03', '2019-10-14 18:10:03'),
(98, 68, 'Lysanne Stracke', 'Quaerat et ducimus reiciendis numquam rerum distinctio. Ut totam error tempore illo. Placeat dolores molestias alias ab ut eius repellendus. Reiciendis non temporibus rerum voluptatum. Libero ea velit fugiat quas aliquid.', 3, '2019-10-14 18:10:03', '2019-10-14 18:10:03'),
(99, 70, 'Chet Von', 'Odio sint eum ipsa dolore. Nulla corporis nam et sed. Eum sint est sint esse amet. Praesentium est similique cum pariatur.', 3, '2019-10-14 18:10:03', '2019-10-14 18:10:03'),
(100, 9, 'Princess Medhurst', 'Voluptatibus sequi quo pariatur eos pariatur aut. Porro mollitia ab quidem eligendi vel alias dolorum. Natus iure earum autem sint corrupti aut.', 4, '2019-10-14 18:10:03', '2019-10-14 18:10:03'),
(101, 35, 'Nyasia Murphy', 'Eos sunt unde voluptatum est ut qui molestiae. Molestiae non animi totam sit laboriosam. Ipsa molestiae optio minima modi qui. Maiores est tenetur quia adipisci est.', 3, '2019-10-14 18:10:03', '2019-10-14 18:10:03'),
(102, 82, 'Ms. Velva Ledner IV', 'Doloremque velit id deserunt. Voluptates omnis fuga aspernatur fugiat molestiae ratione laboriosam earum. Quibusdam in perferendis commodi harum.', 2, '2019-10-14 18:10:03', '2019-10-14 18:10:03'),
(103, 87, 'Mrs. Jaquelin Corkery', 'Est voluptas ad rerum accusamus reprehenderit commodi. At non et sit voluptatum tenetur porro pariatur. Nisi doloribus dolorem est ipsum impedit provident aliquam quo.', 0, '2019-10-14 18:10:03', '2019-10-14 18:10:03'),
(104, 37, 'Ms. Shaniya Deckow PhD', 'Aperiam ad ut nobis illo cumque. Eos magni excepturi provident. Optio earum qui qui eius ratione voluptatem sed veniam.', 4, '2019-10-14 18:10:03', '2019-10-14 18:10:03'),
(105, 69, 'Brad Hane', 'Sint voluptatem magni consequatur provident facilis. Voluptatum magnam odio id deserunt iusto ea debitis. Tempora dolorem error et deleniti.', 3, '2019-10-14 18:10:03', '2019-10-14 18:10:03'),
(106, 84, 'Davion Hermann', 'Beatae eum labore iste dolores quae. Tenetur totam exercitationem molestias. Ipsam ex sit odit suscipit. Enim optio labore vel harum.', 2, '2019-10-14 18:10:03', '2019-10-14 18:10:03'),
(107, 50, 'Dr. Zack Casper', 'Sint ipsum nihil et accusamus consequuntur. Dicta omnis recusandae alias voluptatem.', 5, '2019-10-14 18:10:03', '2019-10-14 18:10:03'),
(108, 78, 'Ivah Hahn', 'Sint officia voluptates voluptatem atque quia. Natus iure ad et ducimus a. Non omnis molestiae unde rerum velit non.', 3, '2019-10-14 18:10:03', '2019-10-14 18:10:03'),
(109, 93, 'Mae Hamill', 'Voluptate exercitationem tempora et unde sed quia repellendus. Rerum quia quam possimus facere corrupti assumenda. Sed porro est debitis temporibus et sed iusto dolores. Aliquam ut unde non est voluptate atque veniam odio.', 2, '2019-10-14 18:10:03', '2019-10-14 18:10:03'),
(110, 52, 'Kaleb Prosacco IV', 'Autem praesentium et error cumque. Suscipit doloremque deleniti voluptatem. Iusto non architecto quia quas illum quia dolorem. Repellendus molestiae nostrum commodi porro.', 0, '2019-10-14 18:10:03', '2019-10-14 18:10:03'),
(111, 52, 'Haylie Rippin', 'Nobis nobis facilis et ipsam omnis. Repellendus ipsam nisi ut ratione numquam. Cum eaque eligendi quos dolor reprehenderit saepe. Et ipsam provident est et delectus fuga. Aliquid accusamus aut ipsum consequatur iusto earum eaque occaecati.', 2, '2019-10-14 18:10:03', '2019-10-14 18:10:03'),
(112, 91, 'Mrs. Rosina Luettgen DVM', 'Minima incidunt rerum repudiandae. Ut excepturi et sed corporis sunt. Vel eveniet est rerum.', 3, '2019-10-14 18:10:03', '2019-10-14 18:10:03'),
(113, 91, 'Vena Kirlin', 'Deserunt quaerat quia est quidem ut quia. Itaque libero omnis quasi laboriosam sit sed aut. Possimus pariatur eum inventore doloribus laborum reiciendis.', 2, '2019-10-14 18:10:03', '2019-10-14 18:10:03'),
(114, 67, 'Carmella Volkman', 'Est non provident at eos. Qui nihil vel eius enim libero ullam minima. Quibusdam consectetur saepe fugit quo aut sunt. Id sequi laboriosam dicta eum sed molestias.', 4, '2019-10-14 18:10:03', '2019-10-14 18:10:03'),
(115, 24, 'Prof. Marcelo Williamson Sr.', 'Ut exercitationem rerum qui animi. Nostrum deleniti hic id exercitationem recusandae ex. Id explicabo inventore sint eum.', 1, '2019-10-14 18:10:03', '2019-10-14 18:10:03'),
(116, 21, 'Dr. Clair Bergstrom', 'Pariatur placeat placeat quis reprehenderit vitae voluptatibus ea. Nobis dicta ut aliquid veniam ut provident. Minima qui sed consequatur delectus cum.', 5, '2019-10-14 18:10:03', '2019-10-14 18:10:03'),
(117, 64, 'Ms. Hillary Boyer', 'Perferendis molestias et eos eligendi quaerat sed eum. Similique et laudantium consequuntur aliquid eveniet nam quia. Quia sit aut earum vel iusto sed facere.', 1, '2019-10-14 18:10:03', '2019-10-14 18:10:03'),
(118, 2, 'Ola Kutch', 'Quis rerum qui sed exercitationem nam. Blanditiis maxime et voluptatem corrupti ea repudiandae.', 5, '2019-10-14 18:10:03', '2019-10-14 18:10:03'),
(119, 77, 'Mr. Arvel Murazik', 'Autem aliquid porro aut magnam repudiandae. Iure repellat sit molestias deserunt. Similique saepe culpa et totam. Ipsam nisi doloribus quia cum reiciendis quisquam tempora.', 0, '2019-10-14 18:10:03', '2019-10-14 18:10:03'),
(120, 68, 'Mr. Timmy Beatty III', 'Tenetur sunt rerum accusamus repudiandae enim fuga adipisci. Et ut at vitae veritatis aut vel non. Ut in voluptas omnis id officiis.', 0, '2019-10-14 18:10:03', '2019-10-14 18:10:03'),
(121, 83, 'Eloy Pouros', 'Eligendi expedita consequatur qui iste ea possimus possimus. Quos qui nobis odit. Eius nesciunt inventore accusantium cupiditate et dolores. Fugit nam et libero corrupti qui quo debitis. Saepe id in repellendus.', 5, '2019-10-14 18:10:03', '2019-10-14 18:10:03'),
(122, 21, 'Kali Thiel DVM', 'Sint ullam consectetur iusto aliquam tempora. Quo enim voluptas et saepe reiciendis sequi nihil. Nisi iusto illo quaerat earum repellendus. Ut deleniti iusto autem aut quod expedita sapiente.', 5, '2019-10-14 18:10:03', '2019-10-14 18:10:03'),
(123, 65, 'Libbie Prosacco', 'Voluptates enim quidem quia. Harum fugiat delectus praesentium reiciendis. Quasi numquam repudiandae necessitatibus nam. Voluptatibus modi nulla similique quia.', 4, '2019-10-14 18:10:03', '2019-10-14 18:10:03'),
(124, 7, 'Conrad Von', 'Hic velit soluta consequuntur deserunt assumenda laborum. Similique incidunt ad perferendis possimus aut non dolorem debitis. Dolore temporibus voluptas praesentium minima sequi in. Et porro vel et rem sed sunt dolore earum.', 3, '2019-10-14 18:10:03', '2019-10-14 18:10:03'),
(125, 79, 'Margaretta Gottlieb', 'Eveniet iusto voluptas repudiandae. Minima voluptatem eos commodi sunt optio ab eum officiis.', 1, '2019-10-14 18:10:03', '2019-10-14 18:10:03'),
(126, 13, 'Norma Wisoky', 'Corrupti necessitatibus enim commodi vero dolorum sunt. Aut omnis explicabo id sint. Et et hic blanditiis nihil consequatur velit. Et debitis necessitatibus est ratione.', 3, '2019-10-14 18:10:03', '2019-10-14 18:10:03'),
(127, 48, 'Kenyon Borer', 'At debitis dolores voluptas et. Sed animi autem aspernatur aliquam. Ut omnis qui tempora asperiores qui.', 3, '2019-10-14 18:10:03', '2019-10-14 18:10:03'),
(128, 48, 'Karelle Cremin III', 'Harum porro omnis ex iure nostrum. Voluptatem illo similique eligendi rerum. Qui et esse consequatur et.', 5, '2019-10-14 18:10:03', '2019-10-14 18:10:03'),
(129, 4, 'Cierra Christiansen', 'Ipsum repellendus quod ut aliquam. Molestias voluptatem assumenda quia similique eveniet. Laudantium cumque corrupti dolor labore. Eaque odit veniam odio.', 1, '2019-10-14 18:10:03', '2019-10-14 18:10:03'),
(130, 20, 'Eldridge Halvorson DVM', 'Accusamus nihil quos placeat atque. Eius ut voluptatem quo deserunt natus repellendus. Laboriosam labore tempore est et sint voluptas. Quia quam illo quam nobis. Vero velit sequi sit non et.', 1, '2019-10-14 18:10:03', '2019-10-14 18:10:03'),
(131, 66, 'Eldred Turcotte', 'Earum ut voluptatum odit aut quos harum non. At qui quia alias aliquid minima sint. Omnis est ut non totam. Incidunt cupiditate quo modi esse vel dolor.', 2, '2019-10-14 18:10:03', '2019-10-14 18:10:03'),
(132, 73, 'Ms. Rylee Stanton Sr.', 'At aperiam numquam veritatis molestiae odio nihil. Incidunt vero quae consequatur architecto. Iusto illo itaque ex.', 2, '2019-10-14 18:10:03', '2019-10-14 18:10:03'),
(133, 94, 'Paris Runolfsson', 'Eius iste voluptatem maiores aut. Quo quo soluta enim necessitatibus non iste.', 1, '2019-10-14 18:10:03', '2019-10-14 18:10:03'),
(134, 58, 'Spencer Nienow', 'Et aut quis magnam temporibus dolorem. Consequatur maiores et sapiente. Quo sint perferendis architecto et. Adipisci qui ducimus aut accusantium.', 2, '2019-10-14 18:10:03', '2019-10-14 18:10:03'),
(135, 25, 'Miss Eulalia Smith', 'Architecto autem architecto voluptatem harum quis est. Eius dolore consequuntur accusantium delectus quae qui nobis. Sint similique at ea cupiditate laborum soluta aspernatur.', 0, '2019-10-14 18:10:03', '2019-10-14 18:10:03'),
(136, 68, 'Ellen Jerde', 'Consequatur similique deserunt id dolores. Magni tempora nulla esse pariatur eos officiis. Et quibusdam quae ad quod dolorem molestias aspernatur. Reprehenderit molestiae maxime incidunt sed nesciunt.', 0, '2019-10-14 18:10:03', '2019-10-14 18:10:03'),
(137, 67, 'Prof. Kali Harvey DVM', 'Ullam dolorem dolorem et aliquam reprehenderit nesciunt et. Unde magni tempore et tenetur ut molestias. Esse veniam ipsa enim in aut doloribus voluptas.', 5, '2019-10-14 18:10:03', '2019-10-14 18:10:03'),
(138, 89, 'Violette Hamill', 'Necessitatibus tempora repudiandae voluptatum nisi. Vero quis pariatur quod. Ut odio qui ex voluptate tempora voluptas doloribus.', 1, '2019-10-14 18:10:03', '2019-10-14 18:10:03'),
(139, 45, 'George Greenfelder', 'Facere nobis et et et voluptatem fuga quis. Voluptate atque iusto sit suscipit temporibus deleniti aut corrupti. Cum molestiae fugit eum voluptatem et similique. At qui deserunt sit autem dolorum sint.', 3, '2019-10-14 18:10:03', '2019-10-14 18:10:03'),
(140, 34, 'Milford Quigley', 'Quod repudiandae voluptatem voluptatem nulla. Quo at eius magni dolor nihil voluptas aspernatur. Velit dolore rerum facere animi earum harum. Qui vel asperiores quia dolore reprehenderit minus ipsa. Est est voluptas voluptatum quia quasi et.', 2, '2019-10-14 18:10:03', '2019-10-14 18:10:03'),
(141, 66, 'Mr. Alejandrin Johnston III', 'Iusto corrupti sequi earum pariatur quos. Ratione reiciendis doloremque dolor enim praesentium. Et velit dolorum illo excepturi illum quo. Aut consequatur quidem veritatis sint.', 3, '2019-10-14 18:10:03', '2019-10-14 18:10:03'),
(142, 97, 'Herminio Schiller', 'Cumque quod et in deleniti officiis sint. Mollitia harum laborum possimus ut dolorem id placeat. Totam iste qui itaque nesciunt qui corrupti dicta est.', 3, '2019-10-14 18:10:03', '2019-10-14 18:10:03'),
(143, 60, 'Miss Josie Gulgowski DVM', 'Maxime a omnis occaecati voluptates esse perferendis. Perferendis quod vel quo. Illo nihil illo laudantium odit quas.', 3, '2019-10-14 18:10:03', '2019-10-14 18:10:03'),
(144, 70, 'Jerrod Jacobi III', 'Natus provident laborum qui nulla voluptatem ea. Voluptatem inventore optio cupiditate atque explicabo recusandae qui commodi. Inventore repellendus asperiores quo deserunt. Dolor non voluptatem nesciunt facere sint commodi.', 0, '2019-10-14 18:10:03', '2019-10-14 18:10:03'),
(145, 64, 'Waino Schaefer MD', 'Nostrum minima rerum illum et. Est delectus est laudantium exercitationem maxime ex.', 0, '2019-10-14 18:10:03', '2019-10-14 18:10:03'),
(146, 99, 'Dr. Octavia Towne', 'Culpa alias neque ipsam sed consequatur dolorem. Voluptates veritatis unde consequatur placeat. Qui aspernatur ea totam quod. Est modi necessitatibus aut nam accusamus qui.', 5, '2019-10-14 18:10:03', '2019-10-14 18:10:03'),
(147, 25, 'Clotilde Schiller', 'Sit pariatur placeat dolore. Repellendus fugiat quo saepe neque perferendis quasi. Laboriosam quasi quaerat sed sed culpa voluptas quis.', 4, '2019-10-14 18:10:03', '2019-10-14 18:10:03'),
(148, 19, 'Cody Marquardt MD', 'Nulla vel nulla omnis dicta nisi eum alias. Neque vel soluta aut et et ut. Est ut est voluptatem rerum sed quod consequatur vitae. Eum beatae ea omnis.', 2, '2019-10-14 18:10:03', '2019-10-14 18:10:03'),
(149, 52, 'Camryn Ortiz', 'Doloremque eius laboriosam qui quis et nemo. Ut consequatur dolorem facilis architecto consequuntur excepturi unde. Velit sed alias voluptatem. Autem quia aut et repellat corrupti voluptas repellat iure.', 4, '2019-10-14 18:10:03', '2019-10-14 18:10:03'),
(150, 36, 'Mohamed Kessler', 'At rerum rem reiciendis quis. Nesciunt veniam est vel pariatur praesentium delectus. Eius sunt tenetur quam ut corrupti adipisci.', 1, '2019-10-14 18:10:03', '2019-10-14 18:10:03'),
(151, 89, 'Amelie Ferry DVM', 'Eligendi quibusdam ex voluptatibus hic neque. Id ut dolorum quaerat veritatis harum laborum consequatur. Commodi nulla eum beatae quia.', 1, '2019-10-14 18:10:03', '2019-10-14 18:10:03'),
(152, 58, 'Ali Dietrich', 'Nihil in illum sit quia. Saepe exercitationem aut cum id sunt. Non fugiat maiores tenetur aut omnis. Qui sunt ut et.', 5, '2019-10-14 18:10:03', '2019-10-14 18:10:03'),
(153, 85, 'Alfredo Carroll', 'Illum mollitia et quod ut rem voluptas numquam. Repellendus explicabo earum voluptatem et fugiat molestias quos. Dolorem error incidunt sed aliquid.', 2, '2019-10-14 18:10:03', '2019-10-14 18:10:03'),
(154, 86, 'Savion Johnston MD', 'Ratione sit consectetur sit ut. Porro culpa nulla soluta. Sint qui alias qui rerum est voluptates ut accusamus. Enim eum necessitatibus et eius sed sit et.', 1, '2019-10-14 18:10:03', '2019-10-14 18:10:03'),
(155, 42, 'Alda Mante II', 'Consequuntur quibusdam sunt laboriosam et vel. Sit pariatur rem quos reprehenderit. Est sequi praesentium voluptatem placeat qui laudantium. Numquam temporibus quis consequuntur assumenda.', 3, '2019-10-14 18:10:03', '2019-10-14 18:10:03'),
(156, 62, 'Victor Legros I', 'Accusantium adipisci quis quisquam voluptatem. Perferendis qui vel cupiditate nobis laudantium voluptatem. Consectetur nesciunt recusandae quia modi laboriosam dolorem ut ea. Ut culpa quia nam exercitationem culpa.', 0, '2019-10-14 18:10:03', '2019-10-14 18:10:03'),
(157, 71, 'Prof. Francisco Cummings', 'Ut corporis ut voluptas possimus qui eum dolorum est. Nihil repudiandae odit quis architecto laudantium. Nobis vero dolores adipisci architecto aut soluta. Quo quia vel amet dolorem rem cumque beatae.', 2, '2019-10-14 18:10:03', '2019-10-14 18:10:03'),
(158, 21, 'Morton Reichel', 'Sunt delectus fugit necessitatibus quos aut. Veritatis molestias expedita accusantium hic. Est at vitae sed id nisi a.', 2, '2019-10-14 18:10:03', '2019-10-14 18:10:03'),
(159, 11, 'Mr. Sheridan Kuhlman', 'Minima asperiores aut eos dolor qui laboriosam. Consequatur nihil voluptatem ipsa veniam et ut corporis. Sit et minus illum itaque qui tempora. Inventore soluta quod perspiciatis inventore voluptate dolor accusamus.', 2, '2019-10-14 18:10:03', '2019-10-14 18:10:03'),
(160, 10, 'Vilma Douglas', 'Praesentium officiis sed tenetur veritatis est quod at. Sed et animi magni quasi magnam et illum. Iusto repellat exercitationem esse repellendus et.', 3, '2019-10-14 18:10:03', '2019-10-14 18:10:03'),
(161, 98, 'Tyrell Schumm', 'Impedit exercitationem doloremque in. Facilis quod sit dicta est consequatur vitae consequatur. Ut sit quis ad esse.', 5, '2019-10-14 18:10:03', '2019-10-14 18:10:03'),
(162, 88, 'Dee Simonis', 'Vel quas sint aliquam molestiae dolorem deleniti. Tempore corrupti totam fugit fugiat eum vel deleniti. At laboriosam quas adipisci iusto minus et. Ipsum nihil omnis quis eos.', 1, '2019-10-14 18:10:03', '2019-10-14 18:10:03'),
(163, 82, 'Madie Sipes I', 'Dignissimos eum sit modi nesciunt velit omnis sint pariatur. Incidunt vero rem aspernatur. Iure voluptas illo quas mollitia. Quod aut officiis cum qui. Natus repudiandae vitae unde voluptatum in similique.', 1, '2019-10-14 18:10:03', '2019-10-14 18:10:03'),
(164, 14, 'Dejah Murazik V', 'Qui vel ut iusto debitis laudantium velit nemo a. Dolore voluptates provident saepe molestiae nihil dolor officia. Earum tempore rerum rerum cumque suscipit consectetur.', 0, '2019-10-14 18:10:03', '2019-10-14 18:10:03'),
(165, 55, 'Annamae Homenick PhD', 'Voluptas fugiat corrupti sit et fuga. Officiis aut non debitis fugiat id. Expedita culpa mollitia ut saepe voluptas. Labore maxime sit animi a sunt ipsa.', 4, '2019-10-14 18:10:03', '2019-10-14 18:10:03'),
(166, 87, 'Tyshawn Cremin', 'Voluptas sed et eaque. Voluptas veritatis placeat a accusamus. Velit illum fuga rerum nesciunt voluptatem praesentium. Labore at dolorem incidunt sint voluptatem amet provident.', 2, '2019-10-14 18:10:04', '2019-10-14 18:10:04'),
(167, 51, 'Dillon Hermiston MD', 'Ut nam sed maiores et odit quia. Qui vel odio totam similique. Et ut esse iure. Adipisci dignissimos blanditiis voluptas fuga impedit repudiandae.', 5, '2019-10-14 18:10:04', '2019-10-14 18:10:04'),
(168, 90, 'Letitia Reichel', 'Nostrum assumenda beatae officiis sapiente error illum. Voluptatem delectus occaecati numquam ut quisquam nihil.', 3, '2019-10-14 18:10:04', '2019-10-14 18:10:04'),
(169, 28, 'Sterling Kautzer', 'Atque ullam quia soluta tenetur. Voluptatem odio voluptas hic occaecati dignissimos neque. Et aliquid suscipit nihil tempora. Doloremque vitae quo eaque dolorem.', 1, '2019-10-14 18:10:04', '2019-10-14 18:10:04'),
(170, 44, 'Simeon Hilpert Jr.', 'Animi molestias mollitia tenetur corrupti sapiente velit. Aliquid consequuntur in natus tempore reiciendis explicabo rerum.', 4, '2019-10-14 18:10:04', '2019-10-14 18:10:04'),
(171, 79, 'Miss Alverta Satterfield Sr.', 'Voluptates est eaque animi impedit ipsum. Perferendis laboriosam quo aliquid et veniam placeat. Dolore dignissimos rerum qui et eaque. Architecto vel adipisci voluptas a.', 1, '2019-10-14 18:10:04', '2019-10-14 18:10:04'),
(172, 68, 'Juliet Sporer', 'Sunt ducimus optio modi et quas. Minima sint voluptatum quisquam itaque. Voluptates corporis optio accusamus perspiciatis quia qui. Molestias commodi in atque.', 3, '2019-10-14 18:10:04', '2019-10-14 18:10:04'),
(173, 18, 'Miss Ernestine Hill V', 'Fuga excepturi officiis et consequatur. Dolor corrupti soluta quia dolorem ut mollitia voluptatum. Sit at accusantium natus. Tempore omnis repudiandae minima sint ea sapiente officia.', 1, '2019-10-14 18:10:04', '2019-10-14 18:10:04'),
(174, 75, 'Lenore Dietrich', 'Eum hic asperiores earum aliquid minima provident. Delectus velit et sunt ullam. Ratione odio aut reprehenderit architecto rem odit.', 3, '2019-10-14 18:10:04', '2019-10-14 18:10:04'),
(175, 32, 'Kennedy Treutel', 'Cupiditate quaerat adipisci quis dignissimos quibusdam quos. Rem dolorem et explicabo eos. Non vel magni voluptatum aut rerum eius. Ipsa optio repellendus eaque minus.', 3, '2019-10-14 18:10:04', '2019-10-14 18:10:04'),
(176, 48, 'Domenica Marquardt', 'Deleniti ipsam alias modi debitis alias atque. Aut qui quam beatae fuga molestias. Repellendus in consequatur aliquam repellat.', 0, '2019-10-14 18:10:04', '2019-10-14 18:10:04'),
(177, 35, 'Dr. Jackeline Macejkovic IV', 'Cum laboriosam ipsam et asperiores et dolor nam quam. Rerum vel ullam molestiae quis. Quia iusto aut quod iure incidunt.', 3, '2019-10-14 18:10:04', '2019-10-14 18:10:04'),
(178, 4, 'Kimberly Gulgowski', 'Quod minus eveniet totam velit eligendi qui similique. Ducimus laborum doloribus voluptas quasi autem provident iste. Et consequatur sint dolorum.', 3, '2019-10-14 18:10:04', '2019-10-14 18:10:04'),
(179, 87, 'Marcos Daniel', 'Eos sunt sed neque vel. Qui cupiditate laboriosam ut quam praesentium. Et aspernatur nihil eos voluptatem cupiditate. Qui nobis nesciunt placeat quo corporis est.', 4, '2019-10-14 18:10:04', '2019-10-14 18:10:04'),
(180, 32, 'Brandy Jacobs III', 'Unde quis dolor necessitatibus facere eveniet praesentium. Corrupti dolorum eveniet sit tempora laborum est et. Provident saepe molestias necessitatibus sit quisquam neque. Facilis consequatur aut nobis voluptatibus.', 1, '2019-10-14 18:10:04', '2019-10-14 18:10:04'),
(181, 41, 'Mrs. Carmen Cronin DVM', 'Pariatur nemo consequatur aliquam illum. Qui repudiandae est repudiandae. Facilis rerum et accusantium temporibus.', 1, '2019-10-14 18:10:04', '2019-10-14 18:10:04'),
(182, 74, 'Dedric Hintz', 'Quia rem ullam iusto et labore blanditiis eum amet. Nesciunt magni possimus et quia et labore ea. Ut libero similique voluptatibus non et dolorem dolorem.', 5, '2019-10-14 18:10:04', '2019-10-14 18:10:04'),
(183, 69, 'Ms. Luella Dietrich', 'Repudiandae et omnis veritatis pariatur unde mollitia et. Vel explicabo voluptas enim. Quo sunt asperiores autem omnis est voluptatem et. Quis in facilis praesentium est ducimus.', 4, '2019-10-14 18:10:04', '2019-10-14 18:10:04'),
(184, 65, 'Pablo Olson', 'Cupiditate dignissimos animi qui eligendi. Occaecati quae pariatur consectetur hic unde et harum. Odio maiores quam voluptates excepturi et vel quas tempora.', 5, '2019-10-14 18:10:04', '2019-10-14 18:10:04'),
(185, 17, 'Melvina Barton', 'Numquam nesciunt ullam aut sint voluptatem. Perspiciatis minus quia esse voluptatem qui. Ducimus similique autem exercitationem blanditiis occaecati.', 0, '2019-10-14 18:10:04', '2019-10-14 18:10:04'),
(186, 22, 'Julie Yundt', 'Rem aut id quaerat et et aspernatur. Aspernatur qui eaque qui iusto pariatur incidunt sapiente. Dicta blanditiis quasi voluptatem et velit.', 0, '2019-10-14 18:10:04', '2019-10-14 18:10:04'),
(187, 77, 'Donato Durgan', 'Ut quam ut voluptatem ut tenetur. Voluptas dignissimos et deleniti voluptatem est. Aut inventore qui illum nihil quidem sit. Delectus repellendus delectus autem eligendi nesciunt.', 1, '2019-10-14 18:10:04', '2019-10-14 18:10:04'),
(188, 23, 'Alex McGlynn V', 'Et nisi illo vel nemo deserunt. Nulla mollitia delectus mollitia et corporis amet consectetur. Eius voluptate animi atque consequatur velit deserunt. Et voluptates accusamus distinctio qui in et iste tenetur.', 4, '2019-10-14 18:10:04', '2019-10-14 18:10:04'),
(189, 35, 'Yesenia Greenholt', 'Sed corrupti minima autem qui nobis et quis. Recusandae et pariatur aperiam. Eius temporibus voluptatem nobis voluptatum. Vitae molestiae et aspernatur deleniti reprehenderit.', 2, '2019-10-14 18:10:04', '2019-10-14 18:10:04'),
(190, 67, 'Grady Lockman', 'Perferendis ut ut et. Magni hic dolor repellat fugit possimus at. Aut possimus sapiente eum id. At deleniti aperiam consequatur odio.', 1, '2019-10-14 18:10:04', '2019-10-14 18:10:04'),
(191, 58, 'Iliana Wisoky', 'Est eius architecto cumque aliquid veniam nam fugit. Fuga exercitationem eos et dolor nesciunt eum et autem. Id corporis magni officiis eligendi ipsum.', 5, '2019-10-14 18:10:04', '2019-10-14 18:10:04'),
(192, 88, 'Zetta Turcotte', 'Tempora cum qui sapiente perferendis accusamus. Veniam ullam vitae id distinctio non. Officiis est fuga fugit numquam et sunt. Facere et et consequuntur illum deserunt.', 0, '2019-10-14 18:10:04', '2019-10-14 18:10:04'),
(193, 7, 'Nella Quitzon', 'Et consequatur molestias est est fugit fugit. Tempore in blanditiis voluptate vitae fuga assumenda. Voluptatem exercitationem necessitatibus quibusdam sint ratione sint at facere.', 3, '2019-10-14 18:10:04', '2019-10-14 18:10:04'),
(194, 98, 'Jeromy Murray', 'In et eos est perspiciatis et. Amet quia qui numquam eaque omnis rerum iusto. Officia nobis odit architecto quo.', 0, '2019-10-14 18:10:04', '2019-10-14 18:10:04'),
(195, 56, 'Rachel Quigley PhD', 'Alias alias minima qui aut qui accusamus. Et dolorem totam doloribus porro accusamus est. Laborum eveniet quisquam aut sit sequi. Minus a repellendus id voluptatem hic.', 2, '2019-10-14 18:10:04', '2019-10-14 18:10:04'),
(196, 41, 'Harley Herzog DVM', 'Labore rerum est molestias sed aut voluptatem ea. Rerum consequatur aut est est. Deleniti eum enim et possimus aliquid. Pariatur vitae ut possimus facilis quasi rerum ad.', 2, '2019-10-14 18:10:04', '2019-10-14 18:10:04'),
(197, 50, 'Nelle Marvin I', 'Et saepe debitis ad id. Reiciendis tempore rerum eos sit amet quia. Nobis repudiandae est eos odio ipsa vero.', 5, '2019-10-14 18:10:04', '2019-10-14 18:10:04'),
(198, 10, 'Annamarie Langworth', 'Harum tempore voluptas fugit sunt. Aperiam vel quae debitis pariatur qui tenetur. Quidem dolor earum recusandae accusantium doloribus quia alias.', 5, '2019-10-14 18:10:04', '2019-10-14 18:10:04'),
(199, 16, 'Itzel Kertzmann DDS', 'Dicta velit sed et vitae autem. Maxime enim assumenda odio. Tenetur nulla tempora ipsam rerum quam adipisci enim. Nam quibusdam nobis ipsa suscipit.', 0, '2019-10-14 18:10:04', '2019-10-14 18:10:04'),
(200, 50, 'Maggie Hegmann', 'Inventore esse quas error minus. Fugiat sed animi aut sed suscipit eos dignissimos. Cumque esse repellat repellendus et qui. Nulla eveniet aliquid nostrum ut non voluptas ab delectus.', 3, '2019-10-14 18:10:04', '2019-10-14 18:10:04'),
(201, 22, 'Jermaine Kemmer', 'Animi quia vel velit nisi aut necessitatibus iusto. Laudantium vel beatae et omnis. Dolor nobis ipsum itaque corrupti ad dolorem. Minus beatae eveniet esse sed et exercitationem mollitia.', 5, '2019-10-14 18:10:04', '2019-10-14 18:10:04'),
(202, 68, 'Delmer Johnson', 'Ratione non sequi atque culpa excepturi et. Incidunt distinctio quia non eaque nihil fugit occaecati. Pariatur nostrum sequi occaecati dolorem.', 4, '2019-10-14 18:10:04', '2019-10-14 18:10:04'),
(203, 13, 'Prof. Mariano Kovacek III', 'Velit maiores mollitia non aut. Adipisci vitae fugit vel dolorem consequatur rerum alias. Delectus voluptatum perspiciatis numquam dolorem sapiente optio. Cumque a et consequuntur enim quae earum.', 5, '2019-10-14 18:10:04', '2019-10-14 18:10:04'),
(204, 32, 'Prof. Darryl Feest', 'Unde voluptas eum incidunt et id. Consequatur voluptas vero voluptatem consequatur qui. Perferendis veniam qui doloribus fuga qui aut qui.', 1, '2019-10-14 18:10:04', '2019-10-14 18:10:04'),
(205, 85, 'Mrs. Macy Runolfsson', 'Id eligendi nostrum sunt totam eaque. Veritatis fugiat doloribus vero veniam ducimus necessitatibus veritatis. Et veniam est qui ut.', 3, '2019-10-14 18:10:04', '2019-10-14 18:10:04'),
(206, 90, 'Karina Lakin', 'Sit ducimus aperiam qui. Quaerat voluptatibus at odit rerum. Delectus harum odio ducimus numquam. Laborum unde deleniti aut architecto velit amet.', 4, '2019-10-14 18:10:04', '2019-10-14 18:10:04'),
(207, 91, 'Rolando Nolan', 'Rerum expedita quos suscipit labore quibusdam. Illo nisi et officia qui incidunt mollitia aperiam aut. Beatae nihil aut distinctio vel voluptates laudantium ut.', 1, '2019-10-14 18:10:04', '2019-10-14 18:10:04'),
(208, 52, 'Miss Alexandrea Doyle III', 'Qui iste natus dolores sunt. Ipsa natus unde soluta qui consequatur voluptatem. Quas hic corrupti quia ut eveniet eligendi doloremque.', 1, '2019-10-14 18:10:04', '2019-10-14 18:10:04'),
(209, 60, 'Francis Raynor', 'Consectetur dolorum quidem adipisci deleniti. Eos pariatur in quis exercitationem in sit ipsam. Beatae et neque optio. Ipsa nulla quae quod aut in sint. Eum eius molestiae libero quam omnis excepturi quisquam tenetur.', 3, '2019-10-14 18:10:04', '2019-10-14 18:10:04');
INSERT INTO `reviews` (`id`, `product_id`, `customer`, `review`, `star`, `created_at`, `updated_at`) VALUES
(210, 77, 'Tyrese Botsford', 'Et sequi aut in inventore laborum est cumque omnis. Voluptatem occaecati pariatur et praesentium. Voluptatibus ut quae quasi deserunt aut. Dolorem voluptatum quod eum corporis pariatur voluptatem aliquid. Recusandae rerum minima eius aut impedit.', 5, '2019-10-14 18:10:04', '2019-10-14 18:10:04'),
(211, 13, 'Deron Turner DVM', 'Quibusdam voluptate corrupti et mollitia necessitatibus. Asperiores fugiat odio maiores et iure in qui. Vel consequatur saepe quo rerum. Similique facere maiores magni incidunt.', 3, '2019-10-14 18:10:04', '2019-10-14 18:10:04'),
(212, 83, 'Lyla Lemke', 'Qui aut et et molestiae consequatur et nam. Earum qui minima aut. Non reprehenderit eaque ex sed unde quibusdam. Ratione consequatur quasi consequatur est dignissimos sit quia.', 0, '2019-10-14 18:10:04', '2019-10-14 18:10:04'),
(213, 20, 'Prof. Pauline Bernhard DVM', 'Tempora non tempore earum vel voluptas. Adipisci est nulla et. Itaque magnam molestiae eos eius assumenda dolor.', 3, '2019-10-14 18:10:04', '2019-10-14 18:10:04'),
(214, 6, 'Evangeline Koss', 'Ut error vero id veniam corporis. Doloremque et quisquam facere officiis animi unde quos earum.', 5, '2019-10-14 18:10:04', '2019-10-14 18:10:04'),
(215, 5, 'Jarred Marquardt', 'Quaerat voluptatum similique iste magni velit. Doloremque eaque ut voluptatibus quas commodi. Aut dolorem esse cum rerum accusantium est et. Consequatur sint culpa dolorem omnis. Mollitia quam corporis error iste est.', 1, '2019-10-14 18:10:04', '2019-10-14 18:10:04'),
(216, 52, 'Prof. Amely Kirlin Sr.', 'Quia ut omnis beatae maiores quo praesentium. Ratione quo voluptatum voluptatem molestiae itaque ipsam dolor. Doloribus ex dolorum omnis aut cumque. Est asperiores quis nihil veniam aperiam rerum.', 3, '2019-10-14 18:10:04', '2019-10-14 18:10:04'),
(217, 24, 'Pattie Rohan', 'Eos nemo porro occaecati eligendi. Sed consequatur praesentium voluptas quia ab dolores. Est numquam vel ea dolores sed nisi maiores.', 1, '2019-10-14 18:10:04', '2019-10-14 18:10:04'),
(218, 81, 'Sylvan Welch', 'In labore ad ut minus aliquam. Aut qui autem qui nisi dolor et corporis iure. Aut earum sint earum ullam. Alias ea hic qui aut dolorem.', 3, '2019-10-14 18:10:04', '2019-10-14 18:10:04'),
(219, 95, 'Prof. Courtney Lindgren', 'Odio provident in est eos at nobis reprehenderit omnis. Occaecati natus est est aut est aut earum. Provident laborum nobis voluptatem possimus sed voluptatem.', 4, '2019-10-14 18:10:04', '2019-10-14 18:10:04'),
(220, 74, 'Ansley Purdy', 'Eligendi non voluptatem dolor. Quaerat dolore labore eos quo cupiditate provident velit. Expedita qui corrupti itaque.', 1, '2019-10-14 18:10:04', '2019-10-14 18:10:04'),
(221, 70, 'Mr. Darren Blanda MD', 'Dignissimos quae similique sit itaque. Nulla vero dolores fuga deserunt quidem. Voluptatem voluptatem ea dolorum.', 0, '2019-10-14 18:10:04', '2019-10-14 18:10:04'),
(222, 13, 'Celia Reynolds', 'Molestiae libero commodi odit quam necessitatibus at. Qui eaque non molestiae iure eligendi repellendus.', 0, '2019-10-14 18:10:04', '2019-10-14 18:10:04'),
(223, 80, 'Robyn Kozey', 'Expedita ut libero qui qui. Veniam corrupti blanditiis dolores sunt. Totam vel animi quod repellendus.', 4, '2019-10-14 18:10:04', '2019-10-14 18:10:04'),
(224, 41, 'Bonita Ward', 'In dolor quisquam et laudantium at voluptate. Dignissimos beatae non qui non similique culpa tenetur. Architecto reprehenderit natus necessitatibus ad rerum voluptates. Provident et non voluptatum. Officiis dicta labore aut dolore.', 5, '2019-10-14 18:10:04', '2019-10-14 18:10:04'),
(225, 90, 'Garett Bins', 'Tempore aliquam sint libero harum illum et quis officiis. Nisi sint asperiores et. Recusandae similique sequi quos harum.', 1, '2019-10-14 18:10:04', '2019-10-14 18:10:04'),
(226, 59, 'Jonatan Buckridge', 'Voluptates atque odit reprehenderit. Assumenda maxime repellat sint distinctio porro.', 5, '2019-10-14 18:10:04', '2019-10-14 18:10:04'),
(227, 98, 'Burley Treutel', 'Ut debitis nihil atque distinctio. Quia soluta recusandae mollitia nesciunt impedit eos. Sit optio similique iure neque repellat vero aut. Illum occaecati dicta asperiores aperiam enim sunt.', 0, '2019-10-14 18:10:04', '2019-10-14 18:10:04'),
(228, 9, 'Ruth Kreiger', 'Nihil omnis et consequuntur ab illo vitae nihil dolorem. Minus cum neque omnis dolorem voluptas consectetur. Dolores voluptas magnam tempora iste tempore. Quia inventore quaerat officiis est exercitationem neque ut id.', 5, '2019-10-14 18:10:04', '2019-10-14 18:10:04'),
(229, 80, 'Conor Gislason', 'In iure mollitia asperiores ea aut libero. Sit necessitatibus illo dolore sed expedita. Eos itaque quia voluptatem quidem.', 3, '2019-10-14 18:10:04', '2019-10-14 18:10:04'),
(230, 60, 'Prof. Lexus Farrell', 'Dolore ipsa cupiditate eveniet eos inventore laudantium. Magni maiores ut voluptas aspernatur in.', 2, '2019-10-14 18:10:04', '2019-10-14 18:10:04'),
(231, 92, 'Prudence Mueller Sr.', 'Omnis est cupiditate facilis cum inventore blanditiis ut. Eos esse veritatis et amet quae. Officiis doloribus delectus dignissimos tempora hic in occaecati delectus. Ipsa veniam inventore id minus.', 5, '2019-10-14 18:10:04', '2019-10-14 18:10:04'),
(232, 57, 'Vincenza Runolfsson', 'Perspiciatis deleniti ipsum dignissimos velit tempora. Accusamus ipsum nobis labore placeat cupiditate placeat aut. Perspiciatis autem et doloribus nostrum. Itaque assumenda quo perferendis iste sequi totam. Quis voluptas explicabo vel consequatur enim.', 2, '2019-10-14 18:10:04', '2019-10-14 18:10:04'),
(233, 54, 'Kale Beatty Jr.', 'Dicta et nemo non veritatis soluta. Vel odio aut temporibus architecto eius. Sint molestiae omnis assumenda et. Dicta rerum modi voluptas officiis odio molestiae.', 4, '2019-10-14 18:10:04', '2019-10-14 18:10:04'),
(234, 61, 'Wilburn Skiles MD', 'Cum nesciunt illo vel magnam unde pariatur. Veritatis sed a doloribus quasi facere officia.', 3, '2019-10-14 18:10:04', '2019-10-14 18:10:04'),
(235, 78, 'Marcus Flatley', 'Voluptatibus distinctio voluptatem corrupti error et eaque. Quia sapiente ipsum ducimus. Harum voluptatibus cupiditate occaecati eaque voluptatibus sint.', 0, '2019-10-14 18:10:04', '2019-10-14 18:10:04'),
(236, 80, 'Mrs. Tressa Jast', 'Doloremque nam fugit est aut laboriosam est sit. Accusamus sapiente repellendus ut voluptates et laudantium. Blanditiis deleniti quibusdam et nam.', 0, '2019-10-14 18:10:04', '2019-10-14 18:10:04'),
(237, 75, 'Alice Mraz', 'Alias minus doloribus laborum ea. Ut dolore et temporibus assumenda dicta.', 4, '2019-10-14 18:10:04', '2019-10-14 18:10:04'),
(238, 18, 'Miss Eulah Kohler DDS', 'Et qui ullam impedit omnis vel ad odio mollitia. Veritatis tenetur culpa qui et ipsa. Cupiditate quod quam sapiente ut optio ex delectus. Consectetur consequatur fuga quod ducimus ut eaque mollitia. Qui perferendis distinctio est qui quos.', 4, '2019-10-14 18:10:04', '2019-10-14 18:10:04'),
(239, 87, 'Weldon Wintheiser', 'Quia magni dolore asperiores voluptate. Omnis sit qui qui perspiciatis dolorum. Omnis pariatur inventore velit ut voluptatibus aut quae.', 5, '2019-10-14 18:10:04', '2019-10-14 18:10:04'),
(240, 97, 'Dr. Zita Armstrong', 'Quis doloribus voluptatem id dolore quia nihil a id. Aperiam quod quis ad et vel nostrum id architecto. Debitis odio porro veritatis aperiam repellat consequatur eius vel. Excepturi ut tenetur eos sit nobis corporis.', 1, '2019-10-14 18:10:04', '2019-10-14 18:10:04'),
(241, 95, 'Gabriel Davis', 'Error consectetur excepturi impedit eligendi repudiandae. Impedit error ea qui et quia magni sint. Inventore expedita quae exercitationem ullam quibusdam. Laborum aut maxime et placeat. Maiores atque enim cum explicabo nemo et.', 2, '2019-10-14 18:10:04', '2019-10-14 18:10:04'),
(242, 12, 'Ebba Lynch', 'Porro nemo excepturi iusto soluta deleniti delectus. Temporibus voluptas ea dolores molestias. Qui officiis autem alias qui esse id soluta sit.', 2, '2019-10-14 18:10:04', '2019-10-14 18:10:04'),
(243, 93, 'Prof. Stanford Smith IV', 'Voluptas sit qui deserunt at expedita. In aut qui fuga voluptatem. Autem quibusdam unde aliquam explicabo.', 5, '2019-10-14 18:10:04', '2019-10-14 18:10:04'),
(244, 96, 'Letitia Hane', 'Dolorum dignissimos sunt itaque voluptatibus dolores quibusdam iusto autem. Aut a alias nesciunt culpa commodi. Autem neque qui animi odio provident.', 3, '2019-10-14 18:10:04', '2019-10-14 18:10:04'),
(245, 74, 'Cruz Ullrich', 'Aspernatur et error minima et ut consequatur consequatur. Ut nihil beatae blanditiis quae quo voluptatum quidem. Nihil odit blanditiis illum autem consequuntur.', 3, '2019-10-14 18:10:04', '2019-10-14 18:10:04'),
(246, 25, 'Linnie McCullough', 'Fugit aut sint molestiae incidunt eum sit harum. Consequatur doloribus voluptatum culpa ut. Qui maxime ex id consequatur sit ducimus optio. Velit aut veritatis rerum autem tempore.', 3, '2019-10-14 18:10:04', '2019-10-14 18:10:04'),
(247, 66, 'Quinten Abernathy', 'Dolore ratione cumque debitis reiciendis dolorem velit autem. Recusandae amet et in omnis tempora cum ut. Iure est distinctio consequatur praesentium harum.', 0, '2019-10-14 18:10:04', '2019-10-14 18:10:04'),
(248, 57, 'Madie Lang', 'Mollitia commodi eius ut ipsa saepe debitis pariatur. Voluptas officiis omnis id est ratione perferendis soluta. Vel quia deserunt error ut voluptatem est.', 0, '2019-10-14 18:10:04', '2019-10-14 18:10:04'),
(249, 59, 'Reva Stracke', 'Aut ut omnis qui temporibus recusandae molestiae. Fugit ipsam eos aliquam. Nisi sint omnis et.', 0, '2019-10-14 18:10:04', '2019-10-14 18:10:04'),
(250, 88, 'Emmitt Zulauf', 'Molestiae rem tempora aliquam qui. Autem autem at aut laborum quibusdam expedita ut. Laudantium vitae consequatur voluptatem repellat impedit explicabo placeat perferendis. Est ab aliquam odit vel.', 5, '2019-10-14 18:10:04', '2019-10-14 18:10:04'),
(251, 10, 'Mekhi Rosenbaum', 'Doloremque repellendus nulla blanditiis et. Ut voluptatem dolor impedit reprehenderit eveniet. Voluptas velit et quis repellat odio. Quaerat aperiam facilis voluptatum qui illo.', 2, '2019-10-14 18:10:04', '2019-10-14 18:10:04'),
(252, 87, 'Ramona Brown', 'Accusantium eos fugiat sequi. Dolores vel qui illum suscipit. Enim veniam quaerat necessitatibus est delectus voluptas maiores voluptas. Temporibus quasi non quo eum sit. Expedita ex voluptatem ad in ut nihil accusantium.', 1, '2019-10-14 18:10:04', '2019-10-14 18:10:04'),
(253, 68, 'Carolanne Lemke', 'Esse qui ut laborum eos dolorum. Rerum officia ipsa veritatis. Ut quis distinctio rerum vel temporibus dignissimos. Sit quo iste impedit voluptas ad fugiat consectetur.', 0, '2019-10-14 18:10:04', '2019-10-14 18:10:04'),
(254, 14, 'Margarett Hartmann', 'Reprehenderit corporis repellendus aut in excepturi aut ipsa. Quaerat nesciunt quod ipsum omnis ipsa. Et soluta id ex non libero explicabo pariatur. Qui amet ut rerum cupiditate.', 3, '2019-10-14 18:10:04', '2019-10-14 18:10:04'),
(255, 86, 'Jewel Price', 'At voluptatem officiis est voluptatem quos est. Recusandae qui explicabo voluptatem id quas alias libero necessitatibus. Ut quia dignissimos libero fuga autem.', 0, '2019-10-14 18:10:04', '2019-10-14 18:10:04'),
(256, 79, 'Mrs. Germaine Rohan', 'Non quo omnis omnis molestias corrupti quod nisi. Cum omnis ad veritatis voluptatem vel molestiae sunt. Amet architecto sit aut id eum praesentium.', 4, '2019-10-14 18:10:04', '2019-10-14 18:10:04'),
(257, 67, 'Easton Zboncak', 'Quia molestiae et quod aut. Ex eos id necessitatibus sunt sit eum ut nesciunt. Iure at laboriosam libero maiores.', 4, '2019-10-14 18:10:04', '2019-10-14 18:10:04'),
(258, 98, 'Prof. Pink Maggio III', 'Quam nihil voluptatem dicta. Accusantium sunt magni earum officia ad.', 0, '2019-10-14 18:10:04', '2019-10-14 18:10:04'),
(259, 43, 'Dr. Grayce Block', 'Voluptates labore voluptatum provident voluptas deleniti velit quia. Labore dicta ut quia ut voluptatem aut. Pariatur quia eos sunt vero et.', 5, '2019-10-14 18:10:04', '2019-10-14 18:10:04'),
(260, 15, 'Yasmin Botsford', 'Consequatur beatae adipisci beatae est. Ab quae iure voluptatibus. Explicabo libero autem vel quo et recusandae.', 3, '2019-10-14 18:10:04', '2019-10-14 18:10:04'),
(261, 56, 'Mr. Kelvin Mosciski V', 'Quis doloremque hic distinctio aliquam deleniti ipsam qui. Itaque quod impedit vero sed.', 2, '2019-10-14 18:10:04', '2019-10-14 18:10:04'),
(262, 57, 'Celia Leuschke DDS', 'Impedit quos aliquam quae quia sed explicabo quis. Facilis qui quasi sed quaerat quos quis pariatur. Itaque itaque placeat debitis dolore.', 5, '2019-10-14 18:10:04', '2019-10-14 18:10:04'),
(263, 67, 'Ms. Alvena Hodkiewicz', 'Rerum vel repellendus voluptas voluptatibus enim sequi neque eaque. Quibusdam asperiores et illum. Nisi exercitationem est maiores in in.', 2, '2019-10-14 18:10:04', '2019-10-14 18:10:04'),
(264, 77, 'Robert Konopelski', 'Maiores porro rerum vero soluta autem ea. Aperiam corrupti enim eveniet perspiciatis cupiditate qui ea. Modi aut aut nisi reiciendis impedit quia.', 2, '2019-10-14 18:10:04', '2019-10-14 18:10:04'),
(265, 85, 'Ms. Laisha Reichel I', 'Doloremque enim veniam nam sed itaque vero pariatur unde. Perspiciatis fugiat illo recusandae id sunt animi nam. Est voluptas nisi incidunt. Vero iure laborum magnam officia nam blanditiis alias.', 0, '2019-10-14 18:10:05', '2019-10-14 18:10:05'),
(266, 9, 'Alexane Runolfsson', 'Corrupti rerum laborum qui est. Earum sit cumque magnam. Placeat ut laboriosam ut dolor hic eos eaque.', 4, '2019-10-14 18:10:05', '2019-10-14 18:10:05'),
(267, 52, 'Antonina Heller', 'Et maiores sint necessitatibus pariatur ex voluptatibus. Distinctio quia qui pariatur ducimus. Possimus quae ducimus commodi facere tenetur sit.', 0, '2019-10-14 18:10:05', '2019-10-14 18:10:05'),
(268, 47, 'Consuelo Reichert', 'Voluptatem consequatur sit repellat asperiores laudantium. Commodi fuga alias repellendus dolorem omnis. Consequatur aperiam est odio voluptates non. Eum vel laborum voluptas.', 1, '2019-10-14 18:10:05', '2019-10-14 18:10:05'),
(269, 23, 'Trevor Jaskolski', 'Amet totam sequi voluptatum quod ad corporis corrupti. Laudantium nulla culpa maiores eius. Sequi eligendi eos sequi sunt nobis.', 3, '2019-10-14 18:10:05', '2019-10-14 18:10:05'),
(270, 23, 'Alena Ankunding', 'Totam accusantium quos sunt. Voluptatem at incidunt impedit recusandae doloribus. Accusamus at officia nobis recusandae nulla. Delectus architecto iste qui omnis autem rerum saepe.', 4, '2019-10-14 18:10:05', '2019-10-14 18:10:05'),
(271, 25, 'Terrence Zboncak', 'Dolorum repudiandae consequuntur soluta consequatur et consequatur qui aut. Voluptatem natus iusto praesentium deserunt laborum et animi tenetur. Eligendi et inventore et rerum iste alias. Tenetur totam vero totam tempora et.', 0, '2019-10-14 18:10:05', '2019-10-14 18:10:05'),
(272, 57, 'Caden Hackett', 'Laborum omnis natus quis ex. Sint temporibus blanditiis similique laudantium. Exercitationem repellendus veniam dignissimos ipsa.', 2, '2019-10-14 18:10:05', '2019-10-14 18:10:05'),
(273, 58, 'Kaitlin Leuschke', 'Iure nihil enim ad labore eos molestiae hic alias. Minus molestiae quia occaecati sint quasi sint perferendis architecto. Ipsa accusamus et quam dolores non et culpa.', 3, '2019-10-14 18:10:05', '2019-10-14 18:10:05'),
(274, 3, 'Anderson Turcotte', 'Consequatur omnis culpa et maiores deserunt ut cum libero. Illo fugit quasi corrupti aut tenetur. Ab repudiandae consequatur deserunt animi dignissimos voluptas doloribus. Odio in et at minima dicta et enim voluptatem. Et consequatur debitis inventore laboriosam iure earum.', 0, '2019-10-14 18:10:05', '2019-10-14 18:10:05'),
(275, 48, 'Nicolas Mayert', 'Aliquam qui at ea corrupti qui accusamus magni inventore. Quos harum et qui aut impedit alias. Omnis sint dolorum consectetur quas dolores facilis et. Voluptatum beatae tempora omnis nesciunt consequatur natus voluptas.', 5, '2019-10-14 18:10:05', '2019-10-14 18:10:05'),
(276, 45, 'Twila Schultz II', 'Debitis odio numquam cumque voluptatibus. Deserunt dicta aut qui ducimus ab aut voluptates. Velit sed quis voluptatem consectetur ea modi. Sed quo repudiandae quidem nostrum minus tempore omnis.', 0, '2019-10-14 18:10:05', '2019-10-14 18:10:05'),
(277, 46, 'Dr. Cayla Hyatt I', 'Vero et aut rerum explicabo dignissimos sunt dolor. Quibusdam voluptatibus suscipit commodi dolore. Itaque qui voluptatibus illum quae. Asperiores consequatur error quis nemo.', 4, '2019-10-14 18:10:05', '2019-10-14 18:10:05'),
(278, 84, 'Tania Schamberger', 'Similique asperiores in dolorum ut consequuntur aut. Nihil architecto nam explicabo sed commodi eum itaque ut. Vel sint sint quia dolores aut. Soluta distinctio consectetur sint nemo voluptatem officiis.', 2, '2019-10-14 18:10:05', '2019-10-14 18:10:05'),
(279, 17, 'Maggie Bernier', 'Atque vel ipsa sequi quis minus necessitatibus. Est impedit consequatur ut. Fuga et qui cupiditate qui totam consequatur. Doloremque illo ducimus et beatae nihil. Labore laborum corrupti dolor molestias.', 5, '2019-10-14 18:10:05', '2019-10-14 18:10:05'),
(280, 91, 'Laurie Littel', 'Sit soluta et eos ut sint aut maxime. Repellat perferendis voluptatem delectus laboriosam ut labore veniam qui. Corporis dolores qui sint iste tempore hic. Debitis est animi exercitationem laborum ut.', 0, '2019-10-14 18:10:05', '2019-10-14 18:10:05'),
(281, 68, 'Mrs. Lola Labadie MD', 'Occaecati labore est sint voluptatem distinctio accusantium voluptatem. Consequatur iste pariatur consectetur placeat.', 5, '2019-10-14 18:10:05', '2019-10-14 18:10:05'),
(282, 41, 'Luciano Morar III', 'Magnam dolor qui placeat esse ratione. Et cupiditate tempora voluptate ullam. Nisi quia repellat corporis velit in. Accusamus ut quas asperiores nobis repellat totam.', 1, '2019-10-14 18:10:05', '2019-10-14 18:10:05'),
(283, 42, 'Vern Klein', 'Molestias doloribus quis ut recusandae voluptas atque. Sapiente sit et corrupti iure officia. Mollitia omnis doloribus hic perspiciatis facere et.', 1, '2019-10-14 18:10:05', '2019-10-14 18:10:05'),
(284, 43, 'Genevieve Hintz I', 'Ea vitae et voluptas perferendis et culpa non voluptatum. Deleniti ea et ipsum ad dignissimos. Veritatis expedita rerum porro necessitatibus. Aliquam consequuntur magni quae rerum velit sequi beatae.', 0, '2019-10-14 18:10:05', '2019-10-14 18:10:05'),
(285, 95, 'Mr. Mark Bauch Sr.', 'Consectetur reiciendis suscipit aut eveniet ut alias veritatis. Deleniti quo aut laudantium omnis non voluptas aut. Quia quia consequatur distinctio voluptatum praesentium earum.', 3, '2019-10-14 18:10:05', '2019-10-14 18:10:05'),
(286, 54, 'Mr. Esteban Hermann', 'Suscipit voluptatem debitis sit odit maxime voluptas est corrupti. Neque et autem voluptas omnis quia. Vel placeat consequatur amet voluptates voluptatem non eius. At consectetur voluptas fugiat dolores.', 2, '2019-10-14 18:10:05', '2019-10-14 18:10:05'),
(287, 80, 'Emie Herzog', 'Minima perspiciatis velit aut et laboriosam voluptas. Incidunt sit reiciendis ut ea id. Voluptatibus corrupti et tempore animi unde qui quo qui.', 0, '2019-10-14 18:10:05', '2019-10-14 18:10:05'),
(288, 4, 'Ms. Tressie Beer DVM', 'Et aut tempora repellat ut atque. Eos pariatur nesciunt laborum commodi. Est quam explicabo veritatis reiciendis natus eaque et harum.', 0, '2019-10-14 18:10:05', '2019-10-14 18:10:05'),
(289, 65, 'Dr. Torrance Franecki IV', 'Delectus omnis voluptatem vel ullam. Ducimus sapiente voluptatem aliquam aliquam magni vero. Fugiat quae voluptatem dolorum libero.', 5, '2019-10-14 18:10:05', '2019-10-14 18:10:05'),
(290, 85, 'Mark Feest', 'Dolor non quo aliquam alias temporibus. Dolorem harum repellendus qui quasi et sunt. Doloremque occaecati sed voluptas deleniti. Impedit quasi consequatur rem tempore officia eum.', 1, '2019-10-14 18:10:05', '2019-10-14 18:10:05'),
(291, 49, 'Rusty Hoeger', 'Fuga repudiandae voluptas corrupti doloribus excepturi. Et dolor non minima magni nisi exercitationem. Omnis fugiat est dolore dolorem ipsum.', 3, '2019-10-14 18:10:05', '2019-10-14 18:10:05'),
(292, 11, 'Ms. Eldora Robel II', 'Adipisci et quod tempore officia velit modi debitis. Autem molestiae quis cum sed neque eum facilis dolores. Consequatur voluptatum ea dignissimos laboriosam id. Sint nostrum vel autem odit id.', 0, '2019-10-14 18:10:05', '2019-10-14 18:10:05'),
(293, 67, 'Heath Kuhn', 'Ea praesentium dignissimos id assumenda explicabo ad. Ut alias rerum perspiciatis tempore. Necessitatibus qui expedita quo ipsam est. Quaerat eaque voluptatem voluptas fugiat quae quis sit.', 5, '2019-10-14 18:10:05', '2019-10-14 18:10:05'),
(294, 73, 'Mr. Tevin Hilpert IV', 'Sit voluptatum earum quia temporibus. Nobis rerum quae voluptas repellat dolores.', 5, '2019-10-14 18:10:05', '2019-10-14 18:10:05'),
(295, 25, 'Fatima Goyette', 'Magni qui beatae nesciunt est praesentium qui asperiores. Quibusdam illo sapiente velit odit itaque reprehenderit.', 5, '2019-10-14 18:10:05', '2019-10-14 18:10:05'),
(296, 60, 'Carson Sporer', 'Minus nemo culpa soluta architecto nostrum fuga. Asperiores temporibus nam voluptatum excepturi. Quaerat similique reiciendis incidunt numquam est a dolores.', 1, '2019-10-14 18:10:05', '2019-10-14 18:10:05'),
(297, 71, 'Mr. Alberto Crist', 'Neque dolorem eligendi et sit quisquam eveniet dolorem. Ex veniam rerum delectus eligendi. Facilis necessitatibus totam quo quae quo placeat nihil. Modi est et vitae quod fugit consequatur.', 4, '2019-10-14 18:10:05', '2019-10-14 18:10:05'),
(298, 86, 'Prof. Scottie Pollich', 'Est quidem aspernatur numquam modi sunt. Ullam dolor quis quae dolorum excepturi. Recusandae enim illum unde earum. Saepe aut eligendi voluptas soluta. Laboriosam eius culpa aspernatur cumque aliquam nihil corrupti aut.', 4, '2019-10-14 18:10:05', '2019-10-14 18:10:05'),
(299, 79, 'Zachery Erdman', 'Quidem esse sit earum accusantium et aspernatur et eos. Qui sapiente cum voluptatum quaerat unde quos quod. Quaerat sed quasi iure aperiam.', 3, '2019-10-14 18:10:05', '2019-10-14 18:10:05'),
(300, 38, 'Trenton Bogisich', 'In sed id maiores occaecati. Aut adipisci repellendus vel dicta ea tempora. Tempore ullam et debitis ab incidunt sed. Aut modi sint consequatur quidem aut est.', 1, '2019-10-14 18:10:05', '2019-10-14 18:10:05');

-- --------------------------------------------------------

--
-- Table structure for table `users`
--

CREATE TABLE `users` (
  `id` bigint(20) UNSIGNED NOT NULL,
  `name` varchar(191) COLLATE utf8mb4_unicode_ci NOT NULL,
  `email` varchar(191) COLLATE utf8mb4_unicode_ci NOT NULL,
  `email_verified_at` timestamp NULL DEFAULT NULL,
  `password` varchar(191) COLLATE utf8mb4_unicode_ci NOT NULL,
  `remember_token` varchar(100) COLLATE utf8mb4_unicode_ci DEFAULT NULL,
  `created_at` timestamp NULL DEFAULT NULL,
  `updated_at` timestamp NULL DEFAULT NULL
) ENGINE=InnoDB DEFAULT CHARSET=utf8mb4 COLLATE=utf8mb4_unicode_ci;

--
-- Indexes for dumped tables
--

--
-- Indexes for table `failed_jobs`
--
ALTER TABLE `failed_jobs`
  ADD PRIMARY KEY (`id`);

--
-- Indexes for table `migrations`
--
ALTER TABLE `migrations`
  ADD PRIMARY KEY (`id`);

--
-- Indexes for table `password_resets`
--
ALTER TABLE `password_resets`
  ADD KEY `password_resets_email_index` (`email`);

--
-- Indexes for table `products`
--
ALTER TABLE `products`
  ADD PRIMARY KEY (`id`);

--
-- Indexes for table `reviews`
--
ALTER TABLE `reviews`
  ADD PRIMARY KEY (`id`),
  ADD KEY `reviews_product_id_index` (`product_id`);

--
-- Indexes for table `users`
--
ALTER TABLE `users`
  ADD PRIMARY KEY (`id`),
  ADD UNIQUE KEY `users_email_unique` (`email`);

--
-- AUTO_INCREMENT for dumped tables
--

--
-- AUTO_INCREMENT for table `failed_jobs`
--
ALTER TABLE `failed_jobs`
  MODIFY `id` bigint(20) UNSIGNED NOT NULL AUTO_INCREMENT;

--
-- AUTO_INCREMENT for table `migrations`
--
ALTER TABLE `migrations`
  MODIFY `id` int(10) UNSIGNED NOT NULL AUTO_INCREMENT, AUTO_INCREMENT=6;

--
-- AUTO_INCREMENT for table `products`
--
ALTER TABLE `products`
  MODIFY `id` bigint(20) UNSIGNED NOT NULL AUTO_INCREMENT, AUTO_INCREMENT=101;

--
-- AUTO_INCREMENT for table `reviews`
--
ALTER TABLE `reviews`
  MODIFY `id` bigint(20) UNSIGNED NOT NULL AUTO_INCREMENT, AUTO_INCREMENT=301;

--
-- AUTO_INCREMENT for table `users`
--
ALTER TABLE `users`
  MODIFY `id` bigint(20) UNSIGNED NOT NULL AUTO_INCREMENT;

--
-- Constraints for dumped tables
--

--
-- Constraints for table `reviews`
--
ALTER TABLE `reviews`
  ADD CONSTRAINT `reviews_product_id_foreign` FOREIGN KEY (`product_id`) REFERENCES `products` (`id`) ON DELETE CASCADE;
COMMIT;

/*!40101 SET CHARACTER_SET_CLIENT=@OLD_CHARACTER_SET_CLIENT */;
/*!40101 SET CHARACTER_SET_RESULTS=@OLD_CHARACTER_SET_RESULTS */;
/*!40101 SET COLLATION_CONNECTION=@OLD_COLLATION_CONNECTION */;
